Time (s),Sound pressure level (dB)
0.0,-55.856675853097826
0.25,-45.57822817652441
0.5,-54.437540134682976
0.75,-44.037216409504495
1.0,-47.244825583866906
1.25,-49.25177844649673
1.5,-56.190670797820694
1.75,-54.124298633754535
2.0,-55.78060051960546
2.25,-51.11364733471134
2.5,-49.546563985003715
2.75,-49.53690438222321
3.0,-59.80908482999991
3.25,-61.619059848877384
3.5,-49.67709952878168
3.75,-51.56907909832635
4.0,-53.48967711871352
4.25,-49.436987958492395
4.5,-56.275164527842335
4.75,-55.89205949043682
5.0,-49.79461108330429
5.25,-51.54776859417085
5.5,-49.57665120353322
5.75,-46.08753468271199
6.0,-54.3146264387445
6.25,-48.20647964374505
6.5,-47.327397107036404
6.75,-57.198145350197514
7.0,-52.67693591938258
7.25,-47.79726294199483
7.5,-49.727113132946286
7.75,-58.30933892219084
8.0,-45.25923290048172
8.25,-51.96081958724885
8.5,-51.319130858874246
8.75,-57.23943692863763
9.0,-54.2311727188762
9.25,-59.046582433805206
9.5,-52.648882969253414
9.75,-56.102283650871
10.0,-47.74711162858334
10.25,-60.66232375819477
10.5,-47.356245544062645
10.75,-56.55068623630066
11.0,-57.84882796100524
11.25,-53.08757043732564
11.5,-52.4056398541748
11.75,-52.32355795113892
12.0,-50.33216396761118
12.25,-54.88462768302367
12.5,-52.84761566977928
12.75,-54.65038621998748
13.0,-54.86663445484124
13.25,-53.23651406132984
13.5,-45.37810579228988
13.75,-54.464682689800945
14.0,-60.9328334195034
14.25,-52.704770929263695
14.5,-48.16947199240954
14.75,-63.090128234470725
15.0,-56.03435415843426
15.25,-49.58076020903839
15.5,-45.15821011124133
15.75,-52.60416466578591
16.0,-44.84387856554859
16.25,-55.11273018092519
16.5,-61.17662095776877
16.75,-55.59845351220626
17.0,-51.775673418625416
17.25,-52.003079966606116
17.5,-59.63956206981396
17.75,-53.151945450918745
18.0,-55.61760962853174
18.25,-61.07391222520588
18.5,-52.902804073620466
18.75,-54.59765409391983
19.0,-56.95912872974633
19.25,-45.81644648074328
19.5,-42.56266479312685
19.75,-61.328580698091294
20.0,-50.16116060108248
20.25,-55.89090993625157
20.5,-55.68597135669213
20.75,-61.257062948813136
21.0,-52.52372511711868
21.25,-58.25294149612653
21.5,-51.18183011651147
21.75,-57.27434937072354
22.0,-48.89695960186923
22.25,-55.20608127392762
22.5,-46.184422861194044
22.75,-52.97833485586255
23.0,-48.18433703694021
23.25,-46.894572588104644
23.5,-58.38318288749592
23.75,-51.462367894023046
24.0,-49.231675837499296
24.25,-49.63710718179715
24.5,-50.845782484681735
24.75,-54.80433531277458
25.0,-55.214901422982265
25.25,-61.35450841211561
25.5,-52.4913468048682
25.75,-60.59642383228944
26.0,-50.19564438838565
26.25,-55.81238761183637
26.5,-52.19838710429678
26.75,-48.201123362566925
27.0,-45.24115611901062
27.25,-59.128165216404206
27.5,-55.15013968671088
27.75,-54.53437072701089
28.0,-56.87841173581051
28.25,-59.53016015385468
28.5,-54.78999790885643
28.75,-52.80773240156754
29.0,-56.29583839509107
29.25,-56.15511263209467
29.5,-54.9181216491367
29.75,-55.918663108872664
30.0,-50.353913493245855
30.25,-55.52597804796012
30.5,-56.725227701316314
30.75,-51.832699618520294
31.0,-54.35006545286807
31.25,-54.76634497654562
31.5,-54.1151501400697
31.75,-52.3768379295949
32.0,-50.55062152221121
32.25,-53.659277512862
32.5,-52.968967271350124
32.75,-56.16492415787647
33.0,-48.09699840005998
33.25,-55.42604646870358
33.5,-55.826598585920316
33.75,-53.48575894527982
34.0,-60.98809332698348
34.25,-52.89460061060591
34.5,-55.99877387587103
34.75,-51.23772626569517
35.0,-62.569677181211716
35.25,-54.459172652621156
35.5,-59.1086015400694
35.75,-62.39210078870035
36.0,-52.13401392776376
36.25,-52.199464511895336
36.5,-53.80328280909856
36.75,-51.27301222471404
37.0,-63.083387238957535
37.25,-65.18151101684145
37.5,-57.60478943824568
37.75,-59.28898876317066
38.0,-59.77980162443269
38.25,-52.11253295011641
38.5,-50.16640356100942
38.75,-61.84477010689369
39.0,-62.777658047799505
39.25,-46.350488653887936
39.5,-58.995934672328914
39.75,-50.48930492820765
40.0,-62.38348042061985
40.25,-55.441935801777284
40.5,-54.84692172509183
40.75,-49.53438273827508
41.0,-45.95406643226677
41.25,-54.84647458442987
41.5,-50.851611086005654
41.75,-58.10466179512298
42.0,-49.85012139387628
42.25,-47.60802419614252
42.5,-46.06977168170364
42.75,-53.58350039863372
43.0,-48.551612002582736
43.25,-51.89672009852572
43.5,-46.267053103302544
43.75,-52.52803839670713
44.0,-50.1525807460492
44.25,-51.59872841905619
44.5,-54.308223270239594
44.75,-49.81459375314463
45.0,-49.28446948491786
45.25,-50.844502329043756
45.5,-65.99123584740052
45.75,-51.95012900059854
46.0,-56.5886341947002
46.25,-53.6116410039999
46.5,-51.063498891185056
46.75,-46.65912104759822
47.0,-55.69239605254629
47.25,-51.924495385126754
47.5,-51.623270354173535
47.75,-52.409028708686925
48.0,-49.88658362287088
48.25,-45.607554831868626
48.5,-50.35808157343
48.75,-56.823129488351775
49.0,-52.26010162099507
49.25,-42.55397076890712
49.5,-47.503410748077464
49.75,-51.46470915117996
50.0,-55.84269825884941
50.25,-48.20955031472619
50.5,-50.650468175846235
50.75,-42.07762927027707
51.0,-54.29921886262685
51.25,-55.248834824205055
51.5,-61.431733514118385
51.75,-55.04713402270674
52.0,-51.6884529528764
52.25,-46.41334235156757
52.5,-55.94112339416382
52.75,-49.65458353913973
53.0,-51.027724986848256
53.25,-47.52890506606701
53.5,-44.256752649393526
53.75,-51.53070740300903
54.0,-51.9953023447479
54.25,-47.490894322452895
54.5,-60.4169876039866
54.75,-53.83251636331836
55.0,-54.972537377781634
55.25,-51.39785027246586
55.5,-50.51199908781999
55.75,-57.99687150743288
56.0,-52.35875643240264
56.25,-52.952926039231485
56.5,-41.94231060414046
56.75,-52.120534239481415
57.0,-49.15091843681516
57.25,-61.063884038401
57.5,-56.335529728531085
57.75,-48.31550030457512
58.0,-58.80803927749406
58.25,-61.95927957278436
58.5,-51.40693012407671
58.75,-49.9573826823052
59.0,-47.24077618806874
59.25,-48.44697717534926
59.5,-54.399915146545446
59.75,-54.73353128339397
60.0,-47.03924872848154
60.25,-43.543031708939175
60.5,-51.45287665515361
60.75,-46.43987926287174
61.0,-48.873570207477044
61.25,-52.905897705519045
61.5,-55.536899230298886
61.75,-54.40321691651663
62.0,-54.17441801360952
62.25,-48.70574091027696
62.5,-50.544265308558536
62.75,-47.99648923703609
63.0,-53.898153034238305
63.25,-52.84040929228042
63.5,-45.16541691295884
63.75,-54.99376221034002
64.0,-50.84288444685638
64.25,-50.11230517889665
64.5,-53.83406031424135
64.75,-52.51150292673033
65.0,-59.107407036886926
65.25,-51.94971759313281
65.5,-56.90772984050611
65.75,-45.95065632935762
66.0,-66.45472559195186
66.25,-57.98587345274507
66.5,-50.39090239739867
66.75,-56.64291982748087
67.0,-52.613619653031996
67.25,-43.80209151159531
67.5,-66.90341430345934
67.75,-56.49616409027604
68.0,-44.130218230156096
68.25,-51.76653976177468
68.5,-50.93118941146008
68.75,-53.59404928417453
69.0,-52.9424305729497
69.25,-48.66664670069336
69.5,-55.64136669595107
69.75,-49.976643726428286
70.0,-57.37713569312951
70.25,-60.52139255938774
70.5,-57.27466877754337
70.75,-55.13441449460787
71.0,-49.817999842713164
71.25,-55.59164859453689
71.5,-47.24901786388499
71.75,-40.33714505146702
72.0,-51.8774411712009
72.25,-50.52823675285067
72.5,-56.42475161495249
72.75,-49.30990009236455
73.0,-46.89303530384354
73.25,-53.24398771165845
73.5,-52.591253706362615
73.75,-52.623474745554226
74.0,-52.88349340416205
74.25,-54.52322810443504
74.5,-53.89400052682322
74.75,-59.54169331748208
75.0,-57.12194708401564
75.25,-53.628969548604786
75.5,-55.07174012358
75.75,-53.85149292121984
76.0,-55.20587726212352
76.25,-47.25496620578531
76.5,-57.665735365515694
76.75,-49.428011505409685
77.0,-49.78746324109773
77.25,-55.672672187179124
77.5,-52.277220469293
77.75,-50.13440904708394
78.0,-54.72891709604498
78.25,-62.432031638585
78.5,-59.62325027332144
78.75,-45.0044397674131
79.0,-64.11944957539946
79.25,-48.46487207557452
79.5,-47.95559797599232
79.75,-47.71548060561328
80.0,-54.45229849189973
80.25,-55.32711275561355
80.5,-53.035081120381534
80.75,-61.3833755862027
81.0,-56.160494281537254
81.25,-48.63933227646423
81.5,-61.6240632749154
81.75,-58.2331809690452
82.0,-49.43346603771355
82.25,-53.64918962617477
82.5,-51.41503306477333
82.75,-51.12964027748808
83.0,-51.74680268010097
83.25,-54.78683978814959
83.5,-56.68655983495467
83.75,-51.50856108182836
84.0,-54.06838487588265
84.25,-41.0981709585194
84.5,-49.583099056789266
84.75,-51.80724139433015
85.0,-50.781423435819946
85.25,-52.87517656670652
85.5,-53.711304134316215
85.75,-59.51353175250047
86.0,-52.61259350550375
86.25,-57.79853939001573
86.5,-54.777565527520174
86.75,-54.825750593196275
87.0,-56.501714253052796
87.25,-53.21391664346635
87.5,-52.23653684564885
87.75,-41.49509247912426
88.0,-60.615399808395665
88.25,-55.45295579269273
88.5,-50.00402688284248
88.75,-55.73357372388644
89.0,-56.481001248792715
89.25,-55.99508451356464
89.5,-59.440154467496605
89.75,-52.18441563001266
90.0,-57.59515257254424
90.25,-52.0426469393497
90.5,-58.81393552681634
90.75,-57.22748580711857
91.0,-54.322963569646845
91.25,-49.611513849131136
91.5,-56.358163511453434
91.75,-55.42631143218103
92.0,-53.24353761359492
92.25,-60.15145080525976
92.5,-58.120312229956504
92.75,-47.8414202712547
93.0,-54.0287814794123
93.25,-63.2540706455673
93.5,-55.42591246136797
93.75,-58.00953713547373
94.0,-56.51145279044731
94.25,-57.25054735168587
94.5,-47.87017699867134
94.75,-57.31078093710842
95.0,-65.53511891751418
95.25,-57.102571688064614
95.5,-49.587083899616026
95.75,-51.59907878001782
96.0,-64.52052808490652
96.25,-45.07107878447667
96.5,-49.15717447591855
96.75,-53.16970734907519
97.0,-55.07728286694792
97.25,-59.44718634585108
97.5,-61.491147018696594
97.75,-55.40890513766888
98.0,-51.38269645814073
98.25,-56.26994324729141
98.5,-56.90778683175911
98.75,-56.03570604006452
99.0,-57.40873779545459
99.25,-52.8985311388314
99.5,-53.60794848495457
99.75,-48.83464978556424
100.0,-46.337705954366875
100.25,-55.82262243466406
100.5,-58.14318636338535
100.75,-49.75279871583948
101.0,-62.44702028238751
101.25,-52.17454042147049
101.5,-57.044009349160824
101.75,-51.83248745485337
102.0,-55.370024704963114
102.25,-48.88149783006879
102.5,-52.57506892671907
102.75,-49.3813241721613
103.0,-52.32800040289353
103.25,-48.71680368837131
103.5,-57.89359909551872
103.75,-53.67743337307753
104.0,-58.25320211637991
104.25,-51.5422453402713
104.5,-57.683519924202756
104.75,-43.46909688354651
105.0,-55.55064237267088
105.25,-44.7276582471652
105.5,-62.70303670236932
105.75,-50.05770162551386
106.0,-56.86034087353869
106.25,-56.41878828847217
106.5,-51.85390770916267
106.75,-56.73241584429449
107.0,-59.851731901892805
107.25,-56.28899626478555
107.5,-51.94100289980668
107.75,-59.01720216362854
108.0,-57.583845376802486
108.25,-60.531219253023025
108.5,-57.75312101218754
108.75,-61.31986169167799
109.0,-54.203339406930844
109.25,-59.606789535814976
109.5,-57.31099742759148
109.75,-61.61538071506763
110.0,-50.784302220368254
110.25,-52.01689863335146
110.5,-48.27574397655165
110.75,-52.995692860223755
111.0,-44.87378530405989
111.25,-50.27390842875195
111.5,-54.85991547097921
111.75,-57.46838699626072
112.0,-54.34951095955403
112.25,-44.15568684717552
112.5,-57.87903202261269
112.75,-60.624388837536955
113.0,-56.327687980101544
113.25,-49.42525235039094
113.5,-55.600762352897725
113.75,-58.081862891599805
114.0,-45.99451579901407
114.25,-58.37318261361661
114.5,-57.36881557248273
114.75,-47.4462712541631
115.0,-51.108894746460855
115.25,-54.272978899348104
115.5,-48.054335587655416
115.75,-59.07548488963598
116.0,-52.19113879314344
116.25,-50.3100333141328
116.5,-57.25919820424696
116.75,-48.58185746130537
117.0,-52.83061702781585
117.25,-51.194790654407505
117.5,-59.606061160495685
117.75,-57.03561394476534
118.0,-58.40745721883701
118.25,-53.00445724137516
118.5,-58.63748965582555
118.75,-50.35851519009085
119.0,-50.96887655934556
119.25,-38.21991305433407
119.5,-47.12141930366836
119.75,-48.65249073313052
120.0,-51.374691966238714
120.25,-53.0882729847715
120.5,-53.877703719672525
120.75,-45.480275481220225
121.0,-58.97172296708883
121.25,-55.7006983845001
121.5,-55.30811656783258
121.75,-58.803247336349756
122.0,-54.77643345299189
122.25,-58.10362693005834
122.5,-55.936541680067826
122.75,-53.328045170922984
123.0,-51.523276940498924
123.25,-50.89894078614423
123.5,-55.29208630187511
123.75,-51.65712917832588
124.0,-63.58647132363014
124.25,-46.202183149506574
124.5,-54.55241207491943
124.75,-51.4065140672885
125.0,-55.79227043801417
125.25,-45.50761465621511
125.5,-56.892301349924196
125.75,-44.016949674802106
126.0,-56.448200300585164
126.25,-52.77325840891388
126.5,-46.234494081030206
126.75,-45.579122195071314
127.0,-56.83075183610028
127.25,-51.988808095809105
127.5,-60.91516546283781
127.75,-60.0417696447189
128.0,-47.45956982919293
128.25,-49.61563385579506
128.5,-53.614210626425844
128.75,-55.99452336133575
129.0,-46.983878023451325
129.25,-49.82115077190033
129.5,-51.51078870319932
129.75,-47.61818398243108
130.0,-50.61476367693591
130.25,-58.50734754415829
130.5,-48.185695132119506
130.75,-48.9968355253024
131.0,-52.76738403096972
131.25,-58.34131225504615
131.5,-47.12419473311506
131.75,-51.3988470338922
132.0,-56.3414064845907
132.25,-53.84973165748036
132.5,-49.539695961413976
132.75,-58.30216200618824
133.0,-55.78279314522942
133.25,-55.726548827072705
133.5,-48.62720921465409
133.75,-57.59173618848079
134.0,-51.52085558835526
134.25,-44.99013391602952
134.5,-55.16432728901692
134.75,-60.64527986151044
135.0,-52.808207678443026
135.25,-51.903132665776944
135.5,-52.95097216613571
135.75,-54.06115601965129
136.0,-56.17601350777624
136.25,-56.07871981505773
136.5,-49.0015392590236
136.75,-51.52196172793711
137.0,-59.325643000777944
137.25,-54.78207596643118
137.5,-61.78974326856909
137.75,-54.58663608506251
138.0,-47.17757239164126
138.25,-58.861573509091215
138.5,-45.109051354341126
138.75,-56.442076679792756
139.0,-57.59772203655721
139.25,-55.644014654775205
139.5,-44.38562262292957
139.75,-51.17703731923799
140.0,-52.76760150877866
140.25,-60.39738045017937
140.5,-53.40984926473566
140.75,-47.81790200811893
141.0,-52.83874236448487
141.25,-59.662722750049575
141.5,-45.41381974909953
141.75,-59.83542071302688
142.0,-52.6332107870511
142.25,-58.37834210967363
142.5,-53.22677850923313
142.75,-65.32379523686807
143.0,-53.162145802120136
143.25,-52.855193268673375
143.5,-54.69042576015172
143.75,-53.536198032960925
144.0,-48.50905397974652
144.25,-51.26233548862395
144.5,-54.56797000120915
144.75,-51.71417660612
145.0,-54.49647173863521
145.25,-51.15194423458832
145.5,-48.67039341494601
145.75,-61.38995537716136
146.0,-56.66125892051934
146.25,-54.08840452072286
146.5,-57.44297058085278
146.75,-58.46957712595686
147.0,-53.753521683303376
147.25,-53.465505968339194
147.5,-53.00653174753196
147.75,-63.78131026713932
148.0,-46.684690347549584
148.25,-53.12981243270199
148.5,-55.76639886523321
148.75,-47.62715298504895
149.0,-59.727918517327566
149.25,-60.838506914706926
149.5,-48.578915722097335
149.75,-67.91906158515151
150.0,-50.42431241953602
150.25,-54.42536763110664
150.5,-55.08690335253052
150.75,-47.49523574914471
151.0,-57.524498453129866
151.25,-55.96714486835459
151.5,-48.44613986955025
151.75,-51.6024065640762
152.0,-46.60038451647187
152.25,-51.72472698630036
152.5,-52.10750317725992
152.75,-59.67260772456635
153.0,-52.240405919427815
153.25,-58.78714894589142
153.5,-48.33172042329685
153.75,-49.6164771087791
154.0,-61.45230116767095
154.25,-52.93734533498397
154.5,-49.44274256087479
154.75,-56.812291370372286
155.0,-51.84498039763094
155.25,-52.64383081355092
155.5,-46.485441468762744
155.75,-52.55008466165185
156.0,-51.853988085912405
156.25,-55.24823960079575
156.5,-55.7910231232441
156.75,-51.20365095823055
157.0,-48.73008802795312
157.25,-53.7364540836065
157.5,-51.12622308052269
157.75,-56.50130314953209
158.0,-60.605269996769096
158.25,-53.19330894753182
158.5,-55.33066418881994
158.75,-55.54864963363702
159.0,-54.87199650769097
159.25,-50.61523364602263
159.5,-55.20730064166887
159.75,-59.08859376971931
160.0,-46.533121277879104
160.25,-52.96540413013871
160.5,-51.8675405710279
160.75,-60.31743215290574
161.0,-60.66514723474468
161.25,-49.49249321191043
161.5,-52.98116152056523
161.75,-61.895387057764395
162.0,-52.67678331819005
162.25,-53.05131588340091
162.5,-45.396881265775676
162.75,-53.33438621580827
163.0,-54.638322571391726
163.25,-53.4387627305117
163.5,-55.43368634791984
163.75,-55.15189497533877
164.0,-50.140045161310766
164.25,-51.31457188761539
164.5,-51.985607651941066
164.75,-49.38738098739726
165.0,-49.26236397838203
165.25,-48.0862191745463
165.5,-46.40942800284723
165.75,-52.68279155432735
166.0,-47.78472823007146
166.25,-54.69093293712098
166.5,-62.3916870488622
166.75,-60.89222930860592
167.0,-51.464104106837375
167.25,-52.69529709138291
167.5,-56.3897139583573
167.75,-53.855134514600444
168.0,-46.28565416930253
168.25,-62.32619269057288
168.5,-49.774263483567786
168.75,-50.57709584666037
169.0,-49.13512400744445
169.25,-45.79679724382132
169.5,-50.068316334739926
169.75,-54.17716604226117
170.0,-57.83128601170985
170.25,-62.16575899938064
170.5,-49.89972025941856
170.75,-46.54843282565136
171.0,-47.975938805641526
171.25,-52.64992590669348
171.5,-47.17874714214743
171.75,-57.27865271137754
172.0,-51.74875266960174
172.25,-54.503019290867975
172.5,-57.04806439352226
172.75,-49.74676035816403
173.0,-57.55040006289189
173.25,-48.641142789374584
173.5,-44.00998946497971
173.75,-56.29668312805759
174.0,-46.78499742711185
174.25,-52.766749211516796
174.5,-55.44028969228269
174.75,-55.74261568155576
175.0,-47.05208922425353
175.25,-43.343724264313586
175.5,-46.57077695779596
175.75,-54.93206566410878
176.0,-47.96794621752271
176.25,-51.052495865541374
176.5,-53.97524442033946
176.75,-53.494982127215906
177.0,-60.19218920556843
177.25,-49.442031995570375
177.5,-49.30289885912472
177.75,-57.10774380251595
178.0,-62.07088126902261
178.25,-52.590200387291134
178.5,-48.53792661351334
178.75,-58.89505618025809
179.0,-52.60685869857939
179.25,-52.51646570147264
179.5,-51.248083262297335
179.75,-58.55602696368362
180.0,-54.860445906084124
180.25,-51.0748617141261
180.5,-60.10757857919632
180.75,-52.70746571917396
181.0,-58.27738526874936
181.25,-62.805822357460706
181.5,-53.98225733170819
181.75,-59.34827538656371
182.0,-54.7732959744602
182.25,-57.867393430362874
182.5,-54.58284758671008
182.75,-46.64777429535256
183.0,-51.16003699939921
183.25,-57.75871326274707
183.5,-49.28735682080021
183.75,-68.63800186762124
184.0,-55.59469595930648
184.25,-50.082677748556655
184.5,-56.708531070348485
184.75,-54.64798980600222
185.0,-46.4824446317373
185.25,-52.49134178882899
185.5,-51.13986226405251
185.75,-49.97271711571452
186.0,-62.599417476721385
186.25,-57.55959265571803
186.5,-52.27472926311561
186.75,-48.364064720377364
187.0,-57.39589506168339
187.25,-52.72828248653547
187.5,-56.60489212860538
187.75,-57.891922331248246
188.0,-56.11360760195114
188.25,-53.109307757729276
188.5,-51.53885757585941
188.75,-50.54550762050065
189.0,-50.954054491265126
189.25,-50.04873818089686
189.5,-53.07944285093721
189.75,-56.69435942049889
190.0,-50.57541388342541
190.25,-56.28809467112437
190.5,-46.39244601157587
190.75,-49.53546610141819
191.0,-54.7130400052567
191.25,-57.19921634953205
191.5,-54.10789590503463
191.75,-46.81344568134435
192.0,-56.042081609084526
192.25,-61.83375241360876
192.5,-44.65291665429291
192.75,-58.09387931776146
193.0,-59.917457394297486
193.25,-53.7705701599826
193.5,-53.98556340365839
193.75,-47.80525115823213
194.0,-51.924237374256705
194.25,-51.537701101854076
194.5,-53.27643234643378
194.75,-51.890761858994054
195.0,-46.13292093697965
195.25,-52.98343918360703
195.5,-51.51345167651147
195.75,-57.283435994528176
196.0,-60.5895184649142
196.25,-52.10887352278991
196.5,-54.185584334597394
196.75,-53.37067591168217
197.0,-50.43979421860209
197.25,-51.790186193169134
197.5,-45.43306577249038
197.75,-52.077497333070625
198.0,-56.6589114819409
198.25,-54.34934647596255
198.5,-51.7097598185912
198.75,-54.30115068216076
199.0,-52.96907900039015
199.25,-55.83194188076651
199.5,-50.370323435646384
199.75,-52.299021734162444
200.0,-54.32411065668516
200.25,-55.18899862294764
200.5,-51.283026808096906
200.75,-49.04634980615293
201.0,-61.07255102399936
201.25,-61.62690914937349
201.5,-51.63412915380167
201.75,-52.114399762902096
202.0,-54.13352356043884
202.25,-62.307520341113715
202.5,-51.463520853937275
202.75,-50.98457476711435
203.0,-53.204596274002064
203.25,-47.353758541268654
203.5,-53.854385581003875
203.75,-56.50132452180873
204.0,-51.838584305792004
204.25,-54.8218075598543
204.5,-53.90290836505593
204.75,-52.35472437827003
205.0,-52.74210152119711
205.25,-52.69998000924863
205.5,-56.2636889982586
205.75,-43.574949073680315
206.0,-57.743791934783765
206.25,-49.50522075477871
206.5,-62.964285201328224
206.75,-50.531066396283556
207.0,-46.97113597482556
207.25,-54.11390749556666
207.5,-52.391772703528815
207.75,-57.200606619824576
208.0,-60.41947778213592
208.25,-41.62803006635106
208.5,-53.41555716634242
208.75,-45.61398204892861
209.0,-50.433587424024346
209.25,-55.03219738652743
209.5,-53.838077932569355
209.75,-49.71783337692614
210.0,-55.25294175535252
210.25,-65.63625109560124
210.5,-50.43695886931483
210.75,-48.535516058642166
211.0,-55.40339602122547
211.25,-55.042545939609056
211.5,-55.86027996868625
211.75,-49.79695003791986
212.0,-50.925620621455764
212.25,-58.14085357590906
212.5,-53.21192663935414
212.75,-48.902435050603394
213.0,-59.81622308656067
213.25,-55.29551092285669
213.5,-51.157606309634545
213.75,-47.33003737018039
214.0,-48.11093818305199
214.25,-52.911683910209454
214.5,-53.718320163029325
214.75,-57.98474895927471
215.0,-49.91822567199101
215.25,-51.58590123818495
215.5,-54.95905986722882
215.75,-43.823726227269745
216.0,-49.9901776429865
216.25,-51.456570586341336
216.5,-59.74594264361706
216.75,-50.460367093253744
217.0,-53.03350961804837
217.25,-49.82634367590026
217.5,-59.06212773743022
217.75,-43.85263859629886
218.0,-51.431196608221015
218.25,-57.10287272108918
218.5,-45.704050077440144
218.75,-57.26715581709075
219.0,-55.29381112637267
219.25,-46.53148211188764
219.5,-49.11841498807196
219.75,-58.231346411821235
220.0,-51.45562005457841
220.25,-49.99382494533572
220.5,-53.850672168708954
220.75,-53.439484435617146
221.0,-49.33663428359604
221.25,-49.9966705023328
221.5,-47.9052583138454
221.75,-56.749292678525435
222.0,-54.29127558875846
222.25,-60.229851370322926
222.5,-44.794145688809515
222.75,-52.14835112927498
223.0,-58.559567182123274
223.25,-54.85395530740605
223.5,-55.342102260082136
223.75,-50.51749107233641
224.0,-59.823427820972384
224.25,-57.963662340043854
224.5,-54.50053042894164
224.75,-52.537031510816796
225.0,-51.344378233893416
225.25,-59.512943141913944
225.5,-51.27758381447467
225.75,-48.61496084350593
226.0,-52.885290327778634
226.25,-52.679755410586246
226.5,-52.74500835537697
226.75,-59.64289314436426
227.0,-60.28485478949327
227.25,-52.64892805909917
227.5,-48.026879424245635
227.75,-62.21093978209559
228.0,-53.66396395760748
228.25,-48.37766501946159
228.5,-51.03093091184666
228.75,-45.602602863617705
229.0,-47.86510002733057
229.25,-51.5377103682695
229.5,-57.792473541959
229.75,-49.11396468408167
230.0,-57.90252686416399
230.25,-56.91661090620315
230.5,-58.42700451065718
230.75,-48.021625162276784
231.0,-57.53475670334475
231.25,-58.593590825058
231.5,-52.401691624860845
231.75,-53.91878054251307
232.0,-57.56368805670785
232.25,-56.49264042412231
232.5,-52.272723750466966
232.75,-55.64506924663528
233.0,-61.12612567990096
233.25,-52.4166974813067
233.5,-61.7928103753583
233.75,-54.42237185392233
234.0,-55.420634801780395
234.25,-45.36543833349374
234.5,-48.81357286434461
234.75,-45.811989598698524
235.0,-52.11546184118779
235.25,-46.789229924806605
235.5,-51.032490669863726
235.75,-61.65036812314079
236.0,-54.332800379027994
236.25,-56.10871604822525
236.5,-49.410359042412125
236.75,-55.32188071117705
237.0,-63.38663646559022
237.25,-58.02905317982307
237.5,-55.55685827476499
237.75,-49.495211815925146
238.0,-52.116540166608026
238.25,-58.60884721321605
238.5,-57.3940156294572
238.75,-47.953184095893306
239.0,-57.61824201410562
239.25,-52.98678004943905
239.5,-53.71979108333043
239.75,-55.28235078491269
240.0,-49.77899468872265
240.25,-54.85277848475232
240.5,-56.244820670094136
240.75,-49.1856414416727
241.0,-47.997770981394495
241.25,-47.46832377871495
241.5,-54.641536739532754
241.75,-56.54556989070984
242.0,-57.72859213418331
242.25,-46.38145387950639
242.5,-49.74649566327101
242.75,-50.65906032910765
243.0,-48.07368932527396
243.25,-51.15902921993012
243.5,-52.72847824710727
243.75,-50.875989856334996
244.0,-59.755480054405595
244.25,-56.714623648634266
244.5,-56.33722572285235
244.75,-49.019203844459334
245.0,-49.82827895422094
245.25,-62.464460937109266
245.5,-51.858462191249714
245.75,-56.90989509930233
246.0,-42.52293792033403
246.25,-51.13225948007036
246.5,-42.03447806863213
246.75,-55.28979290954689
247.0,-50.386870552673294
247.25,-49.581555035595535
247.5,-56.06919029008734
247.75,-49.27559907866863
248.0,-55.10202933580218
248.25,-56.226654538078634
248.5,-55.38993748469892
248.75,-49.084053850738634
249.0,-53.55105007498009
249.25,-52.95212638849296
249.5,-48.73050667439122
249.75,-59.84667936606553
250.0,-50.4808598026939
250.25,-44.2380640244793
250.5,-53.47439932474926
250.75,-55.19325234563414
251.0,-50.93410853084844
251.25,-50.949325509339864
251.5,-62.570865802294094
251.75,-54.35034866254564
252.0,-52.67585651007704
252.25,-46.188036060902505
252.5,-52.66148898038085
252.75,-54.25363239811987
253.0,-58.00436307498292
253.25,-47.264175143827536
253.5,-50.04810965484677
253.75,-53.375869934689575
254.0,-62.49394024163903
254.25,-54.93551303014024
254.5,-55.537449012752134
254.75,-46.74182348111257
255.0,-47.52191176470639
255.25,-49.75572761562122
255.5,-55.54316708338368
255.75,-54.472104489778474
256.0,-52.623678766065055
256.25,-57.03163231443265
256.5,-46.65727310222826
256.75,-53.72215496757835
257.0,-55.797148154113515
257.25,-52.55775865424971
257.5,-54.15513747752927
257.75,-54.007603790543854
258.0,-49.284652134700025
258.25,-56.095144566109376
258.5,-52.340084716479645
258.75,-53.01022077062268
259.0,-61.563847661322484
259.25,-58.011264614204286
259.5,-54.67291847510068
259.75,-51.20130532040697
260.0,-53.35762606729803
260.25,-57.18309100440476
260.5,-50.911749736965774
260.75,-50.813809379364315
261.0,-63.50230174877224
261.25,-47.38117295788639
261.5,-49.55675663859991
261.75,-42.79332696439813
262.0,-61.75944263937868
262.25,-50.42245828162467
262.5,-58.973990738432306
262.75,-58.54385599395473
263.0,-57.27343187554232
263.25,-54.29250044510601
263.5,-55.425751572396734
263.75,-59.65938749181555
264.0,-54.189051851010205
264.25,-44.55676953736645
264.5,-56.155787139659346
264.75,-48.73472929814767
265.0,-57.704844186351835
265.25,-46.21061637211534
265.5,-49.95432142851311
265.75,-58.98345739495541
266.0,-49.62064319621247
266.25,-53.44475375052412
266.5,-50.604666958561
266.75,-52.95049160847516
267.0,-47.51324965164341
267.25,-63.23421120663834
267.5,-55.059396245818576
267.75,-57.70873664833995
268.0,-53.892429302778986
268.25,-49.073328764939504
268.5,-54.626975070767216
268.75,-47.34294078917686
269.0,-59.22773935468979
269.25,-58.19950772708782
269.5,-57.644288549965296
269.75,-47.85163921451673
270.0,-52.54237885126537
270.25,-51.314180853850495
270.5,-52.39727933486379
270.75,-50.94767872965585
271.0,-52.402009655580805
271.25,-54.96895049393061
271.5,-55.42926579605606
271.75,-55.76980757005038
272.0,-52.53467894279215
272.25,-53.13988491451686
272.5,-50.24942830626374
272.75,-49.996090045131375
273.0,-63.90326767542101
273.25,-50.79217991401922
273.5,-56.647477137577226
273.75,-50.31246876716392
274.0,-51.66716417616201
274.25,-58.07447949754635
274.5,-55.43567982829562
274.75,-45.751484351992815
275.0,-55.540466550116754
275.25,-56.74627005189249
275.5,-59.862033009464646
275.75,-53.98684369807876
276.0,-55.89453861024313
276.25,-53.55946854099086
276.5,-56.03794317011071
276.75,-41.49643774266636
277.0,-53.2614700480209
277.25,-57.77288438407626
277.5,-58.42995624555209
277.75,-49.61338015278846
278.0,-57.52919731619815
278.25,-55.27565080356747
278.5,-49.28925622254498
278.75,-55.182557847766674
279.0,-48.70150263778301
279.25,-56.27382700567385
279.5,-50.627422617372545
279.75,-47.44498794644111
280.0,-40.460227349893394
280.25,-50.92077395934643
280.5,-55.42195387021278
280.75,-59.68100477626838
281.0,-46.57853690573781
281.25,-50.73921664849764
281.5,-49.42572475171942
281.75,-38.156566966452125
282.0,-53.48722126029013
282.25,-52.44774137011223
282.5,-51.002232970048134
282.75,-56.437890073219705
283.0,-48.04612807668871
283.25,-51.26041375885716
283.5,-54.13198430908497
283.75,-57.09469141499659
284.0,-58.00470851523968
284.25,-53.37864479925898
284.5,-51.682936532056964
284.75,-57.043390601790854
285.0,-55.351962039442455
285.25,-44.16011490369311
285.5,-61.538405045803195
285.75,-55.00661865368393
286.0,-53.10981146088624
286.25,-55.35645778527932
286.5,-52.81261421849028
286.75,-59.620006446422266
287.0,-60.27926962465115
287.25,-49.162431387114665
287.5,-49.81483505108162
287.75,-44.85679023327786
288.0,-54.46712951555781
288.25,-54.70509672132723
288.5,-59.602830320108154
288.75,-55.224937192774725
289.0,-47.40220124655075
289.25,-52.90438604049519
289.5,-60.02175368742741
289.75,-47.03342195324767
290.0,-46.8564183436614
290.25,-57.159149216924575
290.5,-47.16656595488243
290.75,-60.95173905928312
291.0,-49.9319404791172
291.25,-50.74522825739636
291.5,-44.966623290653395
291.75,-56.94041016660738
292.0,-54.94573005346176
292.25,-43.863996689193606
292.5,-58.09858386720217
292.75,-59.08336537589868
293.0,-48.37480284060449
293.25,-45.58257716403107
293.5,-55.88468167909716
293.75,-55.80507113577554
294.0,-47.69012929957002
294.25,-48.158177206445735
294.5,-50.47065248455764
294.75,-61.355366898059785
295.0,-58.54764568861611
295.25,-63.80884229788107
295.5,-54.244965495966134
295.75,-60.036783153999586
296.0,-51.24440969819454
296.25,-54.827863869627315
296.5,-56.652987734635055
296.75,-51.838810874989406
297.0,-55.44318145375305
297.25,-47.27438833439411
297.5,-54.9426577020567
297.75,-53.07715779394833
298.0,-57.52174266902005
298.25,-49.41076549474558
298.5,-42.77691442430341
298.75,-53.707401109948506
299.0,-48.168262578287326
299.25,-53.54757454827845
299.5,-51.559273290599556
299.75,-45.62287892125552
300.0,-53.6640945370444
300.25,-59.715383140573756
300.5,-56.34965769626716
300.75,-55.44908420758563
301.0,-51.812313611739334
301.25,-53.22715565919044
301.5,-49.90896754959092
301.75,-46.25380677734327
302.0,-50.63165387234094
302.25,-48.08029678572791
302.5,-46.96550540470773
302.75,-56.613704508226654
303.0,-50.25029979085088
303.25,-52.21658115048843
303.5,-56.09684828285078
303.75,-45.606609994316244
304.0,-55.92139211645348
304.25,-56.810275596739885
304.5,-56.934838270707374
304.75,-53.1279325423041
305.0,-54.42273834526631
305.25,-54.168189253016095
305.5,-54.9189739386427
305.75,-59.31694811888592
306.0,-60.05436426610376
306.25,-52.765731694106485
306.5,-43.75478245226028
306.75,-57.0897799277627
307.0,-56.44756036429537
307.25,-50.87401918582479
307.5,-50.43758629517158
307.75,-56.13872442043922
308.0,-44.95734213352932
308.25,-57.642859393089005
308.5,-56.095729936935
308.75,-52.417759392247966
309.0,-54.3660569922099
309.25,-58.997876656154915
309.5,-54.20565458367694
309.75,-54.56761471946934
310.0,-56.415760787393715
310.25,-53.09751947470259
310.5,-57.86691414447206
310.75,-51.05986604934553
311.0,-48.209581961547805
311.25,-52.396104210501925
311.5,-45.59362288955973
311.75,-54.05595866139381
312.0,-52.63947066690683
312.25,-51.938354239871614
312.5,-52.37494720314757
312.75,-54.582067384319366
313.0,-52.693853678975145
313.25,-55.53577611078386
313.5,-49.80684331421165
313.75,-50.506290456445555
314.0,-44.342401979161146
314.25,-62.14058206096051
314.5,-50.14517159869111
314.75,-49.27564395944005
315.0,-53.520585759041566
315.25,-68.59327648634756
315.5,-53.93840584359741
315.75,-51.23959956714802
316.0,-56.5108589158575
316.25,-56.327867483800475
316.5,-54.48386372814878
316.75,-61.15054382217672
317.0,-48.15017464389193
317.25,-58.6860864503496
317.5,-52.0854267964737
317.75,-54.242401499243584
318.0,-48.963963004446725
318.25,-50.15658698417298
318.5,-47.79911483308751
318.75,-49.42527608020834
319.0,-54.965761702770834
319.25,-51.64429234334394
319.5,-48.77165886553833
319.75,-49.613308596036916
320.0,-53.754714491906945
320.25,-61.96187966725683
320.5,-54.53472977932179
320.75,-50.298867990352385
321.0,-49.16187116811416
321.25,-48.88849583266509
321.5,-56.806775174445406
321.75,-48.15102606908214
322.0,-61.03647227191725
322.25,-61.17977664301183
322.5,-54.23731591391701
322.75,-45.45138530467544
323.0,-52.66423219837364
323.25,-48.367490089529795
323.5,-50.870434142031726
323.75,-55.657169703145996
324.0,-56.54806716611909
324.25,-56.24722437979701
324.5,-53.52718716938989
324.75,-52.43347679423471
325.0,-62.26429736922371
325.25,-51.87208318731332
325.5,-53.71533120061328
325.75,-50.78139601518101
326.0,-52.747658756414964
326.25,-51.38633113375227
326.5,-48.36962302384886
326.75,-53.65418050911868
327.0,-58.84428814095551
327.25,-59.59497993620882
327.5,-47.799327730378735
327.75,-56.77497997971768
328.0,-51.645724978708465
328.25,-59.193421316055314
328.5,-47.050584719152575
328.75,-46.40047152948732
329.0,-47.7268257056951
329.25,-50.917754065849586
329.5,-50.84110820526058
329.75,-55.167480066221835
330.0,-52.992006326860334
330.25,-48.88620964818595
330.5,-61.209020119856845
330.75,-59.898464373763325
331.0,-56.479235121316485
331.25,-49.199725014417815
331.5,-55.24379149141346
331.75,-62.131778147418714
332.0,-49.333341304466714
332.25,-51.99405386811252
332.5,-58.92578804070756
332.75,-51.996251103121104
333.0,-55.683579028247934
333.25,-48.832472037161416
333.5,-60.92425866415187
333.75,-55.53488661834786
334.0,-56.418868342616
334.25,-49.4547869032445
334.5,-60.724843756302434
334.75,-49.653116172134155
335.0,-51.35531134995552
335.25,-50.50011502375032
335.5,-57.98934285309758
335.75,-46.573191665618964
336.0,-58.978156928535014
336.25,-54.82775929126139
336.5,-49.59101785942853
336.75,-48.23754801652196
337.0,-52.75226054801571
337.25,-55.894913067431325
337.5,-59.33982516758018
337.75,-52.469526513718
338.0,-58.480016019917095
338.25,-58.01184866091266
338.5,-55.20994843379157
338.75,-51.819947516257315
339.0,-55.950115485694155
339.25,-51.53918367934373
339.5,-55.296252931281586
339.75,-39.94385048127371
340.0,-47.43928624616614
340.25,-53.48385251357943
340.5,-58.29359750560226
340.75,-55.99792358623845
341.0,-57.21558689944657
341.25,-44.95259470298433
341.5,-45.871871086571595
341.75,-49.18185729415984
342.0,-45.46460097962565
342.25,-49.49087592849516
342.5,-58.32966589784415
342.75,-61.19329381293306
343.0,-53.46820179126266
343.25,-61.43917608964759
343.5,-54.19491102719144
343.75,-47.58095374706245
344.0,-49.36699475699844
344.25,-46.51359092570749
344.5,-46.975558789253526
344.75,-48.20662216839101
345.0,-53.751964905881856
345.25,-49.544547270667834
345.5,-52.38087902530586
345.75,-55.745551093927716
346.0,-47.303904693935344
346.25,-45.269429450009724
346.5,-52.539026849443964
346.75,-57.727531575521496
347.0,-52.26846298400363
347.25,-47.316011832309414
347.5,-59.26145741292254
347.75,-51.202248203601116
348.0,-51.51836682374052
348.25,-55.348209713909924
348.5,-49.37574906921006
348.75,-42.02960529278905
349.0,-54.03281363814303
349.25,-52.20243770063985
349.5,-59.37881968942363
349.75,-54.0765525466833
350.0,-55.144689971022764
350.25,-59.30298329687952
350.5,-51.94802415895707
350.75,-51.829595022222996
351.0,-54.35435615631333
351.25,-52.52443111828893
351.5,-57.62610146634069
351.75,-52.26635961841791
352.0,-52.6830682117728
352.25,-48.467425963855945
352.5,-54.10023211044239
352.75,-51.86679146322849
353.0,-56.66553440567555
353.25,-54.049836250073334
353.5,-48.89025504763909
353.75,-52.912971614856296
354.0,-62.770198634035125
354.25,-46.799426315440115
354.5,-59.59134402288245
354.75,-45.70814325099496
355.0,-52.28533384241175
355.25,-53.45822175866466
355.5,-58.41159423650481
355.75,-54.961939449360536
356.0,-60.20457189917718
356.25,-50.24930587262032
356.5,-51.24190430239974
356.75,-61.14633565543406
357.0,-60.194786305372546
357.25,-54.16389127064012
357.5,-51.45568061586838
357.75,-58.54557787126796
358.0,-55.10801424826119
358.25,-47.668402853502585
358.5,-48.653277398702514
358.75,-50.37415454881439
359.0,-47.56963593128369
359.25,-46.421326883529545
359.5,-53.68276885196717
359.75,-50.23936697061391
360.0,-55.10082865335085
360.25,-51.990232293415865
360.5,-53.53443780656384
360.75,-50.42218070379478
361.0,-56.93414270870939
361.25,-55.6514209167472
361.5,-50.350236373973026
361.75,-60.66594263680286
362.0,-52.92940602749396
362.25,-56.45659450631836
362.5,-53.16702015923672
362.75,-56.786006387545946
363.0,-51.912963545991246
363.25,-44.63836825469307
363.5,-54.40417052348219
363.75,-48.416576638538054
364.0,-52.99575527110423
364.25,-47.18510329507529
364.5,-52.32849458633169
364.75,-51.38476317769442
365.0,-53.698097197359054
365.25,-53.3643680071382
365.5,-52.311003323034356
365.75,-47.17131292164057
366.0,-54.07198897627141
366.25,-47.032778861566676
366.5,-52.52494206626721
366.75,-51.378982485035586
367.0,-62.828113723781875
367.25,-45.0264620765539
367.5,-58.77727715049248
367.75,-51.159136671205644
368.0,-54.41248932697938
368.25,-50.129840396513735
368.5,-51.82544927798398
368.75,-52.95343119354534
369.0,-59.780962822642046
369.25,-47.57188893692036
369.5,-57.33512096879784
369.75,-51.68775948198057
370.0,-52.57969079933441
370.25,-56.21372822354618
370.5,-43.70849195395175
370.75,-59.181192020962335
371.0,-58.775668244098135
371.25,-61.30681192993761
371.5,-50.433871878937914
371.75,-53.19540890645124
372.0,-58.230184523367775
372.25,-60.53169142515913
372.5,-52.668108197978235
372.75,-53.83231213757521
373.0,-50.54169012852779
373.25,-53.640410418271244
373.5,-44.41650993106954
373.75,-57.644528732468245
374.0,-52.82379573590903
374.25,-62.441660140187864
374.5,-57.900756570934185
374.75,-47.39204894053822
375.0,-50.130746010731336
375.25,-56.85493190726489
375.5,-55.51412872525433
375.75,-48.71474873366162
376.0,-50.76818751345658
376.25,-54.93386307281036
376.5,-51.66747300044159
376.75,-54.624867788613166
377.0,-56.90884693281192
377.25,-54.39335229104464
377.5,-51.97321773930669
377.75,-49.44771208182944
378.0,-58.451102713827396
378.25,-58.473708344115224
378.5,-61.52105336549559
378.75,-52.4018500668755
379.0,-49.48870055230642
379.25,-53.897553458463136
379.5,-53.80497977067005
379.75,-43.43134698931652
380.0,-49.16306837143964
380.25,-53.05407519201557
380.5,-46.06397997256562
380.75,-49.38297630656528
381.0,-48.77091907865794
381.25,-53.40065985567336
381.5,-53.97568339956347
381.75,-51.15583135617298
382.0,-54.02799347047641
382.25,-52.66815124792828
382.5,-52.51258185210402
382.75,-54.599077279243154
383.0,-55.41610681007924
383.25,-47.725447079371726
383.5,-49.1248130791988
383.75,-48.86721729565852
384.0,-59.11555002503065
384.25,-55.51262559307614
384.5,-54.21822282037008
384.75,-57.1609819616538
385.0,-49.58516757824163
385.25,-58.18693651237087
385.5,-62.87995153254383
385.75,-54.46120364546562
386.0,-48.78708535227189
386.25,-53.22974672728638
386.5,-51.212849229624666
386.75,-58.64661850306615
387.0,-54.47575408230705
387.25,-48.955005338270894
387.5,-55.388421312719444
387.75,-53.84522389914082
388.0,-63.58400198029004
388.25,-46.7633935865803
388.5,-53.87221055046545
388.75,-51.276121609899945
389.0,-52.7286381015299
389.25,-50.90859788839282
389.5,-59.84627103008273
389.75,-46.75127177273459
390.0,-60.12553938729818
390.25,-47.6638867124994
390.5,-48.065645102197465
390.75,-59.20322320523309
391.0,-58.61721996446278
391.25,-64.24131443294564
391.5,-51.42992396226582
391.75,-57.535483064404005
392.0,-53.59558925926256
392.25,-51.61061781204419
392.5,-50.76649760864862
392.75,-54.831232473042824
393.0,-51.113227765004105
393.25,-49.843152417614945
393.5,-51.82746790556648
393.75,-49.62653594819681
394.0,-53.57500431626204
394.25,-52.299338255502285
394.5,-58.07945125705282
394.75,-46.219663059006365
395.0,-50.79423197544579
395.25,-56.60492553719138
395.5,-55.25189520664261
395.75,-58.03723880756666
396.0,-55.01243067459305
396.25,-53.95534367354929
396.5,-55.10672045026196
396.75,-57.53191763297639
397.0,-48.124209416243275
397.25,-57.558457839613
397.5,-44.708964990407594
397.75,-59.74151979843833
398.0,-50.81325286868881
398.25,-50.18756672000083
398.5,-47.15951533440904
398.75,-55.87626359100159
399.0,-56.45730714768808
399.25,-57.29798667923408
399.5,-46.96691985805312
399.75,-56.71534978129475
400.0,-51.32299441100623
400.25,-53.25188044588912
400.5,-48.09347266923484
400.75,-45.64582729189934
401.0,-60.30681476970487
401.25,-45.584802800527946
401.5,-51.70854572418272
401.75,-58.39508457198542
402.0,-53.33920972119066
402.25,-49.70624321309797
402.5,-53.72137185235393
402.75,-50.97504209324681
403.0,-47.067266008709844
403.25,-46.43356339602924
403.5,-55.01060985996427
403.75,-50.83685100537227
404.0,-52.921467055866835
404.25,-56.188738365887566
404.5,-59.32961178514838
404.75,-53.01462916938229
405.0,-60.165752548602825
405.25,-57.762627706562576
405.5,-50.54177311025113
405.75,-56.93813996357018
406.0,-61.38349415867921
406.25,-57.410081444859955
406.5,-57.54942507048553
406.75,-52.57847824605065
407.0,-55.057382952051796
407.25,-53.6726833172895
407.5,-53.73864560718366
407.75,-57.23146695956619
408.0,-55.71573123179901
408.25,-54.75571132735884
408.5,-45.0285873995399
408.75,-53.52802018534723
409.0,-48.969035460111364
409.25,-53.30397824649418
409.5,-58.63234073716189
409.75,-53.709055864248576
410.0,-59.45949901204571
410.25,-62.50713687830646
410.5,-59.50833384406822
410.75,-50.45752437225444
411.0,-49.9783327490971
411.25,-52.17763740000117
411.5,-53.5921252062492
411.75,-58.06053273945071
412.0,-52.33827999219471
412.25,-50.304811503136214
412.5,-58.64566304108744
412.75,-52.93973423267136
413.0,-50.984121603959
413.25,-41.08361449332872
413.5,-52.228298351082806
413.75,-52.22727397257963
414.0,-65.04595512332497
414.25,-54.965413646507685
414.5,-57.347684412766576
414.75,-48.35921226148723
415.0,-56.475531350008765
415.25,-49.56015703480157
415.5,-56.116869173233766
415.75,-41.416657810437144
416.0,-63.56614204000664
416.25,-56.39658839264043
416.5,-51.342986041350336
416.75,-55.93699045482099
417.0,-59.05055376130746
417.25,-59.679787928923616
417.5,-52.51155307369304
417.75,-59.41279613607749
418.0,-52.26345492748244
418.25,-54.68352196852254
418.5,-44.55871738998678
418.75,-50.5115854977639
419.0,-49.108682267293915
419.25,-57.44693811663078
419.5,-55.99250002642373
419.75,-57.71642730118836
420.0,-55.09300640160279
420.25,-55.97532815547626
420.5,-60.38265457207565
420.75,-53.59712136768927
421.0,-45.142479161014016
421.25,-57.72357243216635
421.5,-49.705846393795234
421.75,-56.24254490065047
422.0,-58.16109547523555
422.25,-57.49094623084904
422.5,-59.07104341605638
422.75,-53.219144231590974
423.0,-54.47717117870143
423.25,-45.8402463339828
423.5,-48.353106616993806
423.75,-50.30894496203609
424.0,-58.902510633204436
424.25,-49.350063291212436
424.5,-53.600675304621575
424.75,-49.60281255601095
425.0,-51.24301964645921
425.25,-55.46040080196644
425.5,-56.157101291939576
425.75,-53.00442541441316
426.0,-58.32137871356293
426.25,-65.12672548515292
426.5,-57.74314395563257
426.75,-63.53191318157465
427.0,-48.35879146870435
427.25,-53.92302328940965
427.5,-54.496242418248926
427.75,-52.27959589886267
428.0,-52.08848548610637
428.25,-53.41518895283795
428.5,-56.866675890536065
428.75,-50.285246016600404
429.0,-57.013147472280714
429.25,-61.628311800376395
429.5,-49.75085170464505
429.75,-45.661002208311885
430.0,-50.355435497087505
430.25,-49.95603143471459
430.5,-59.16405119379084
430.75,-54.9925849408258
431.0,-56.88256163061886
431.25,-48.12889197733116
431.5,-53.68721917265713
431.75,-62.06756958593736
432.0,-52.500051920670565
432.25,-51.15426723815804
432.5,-57.81146724052185
432.75,-43.83598501524806
433.0,-54.72741976195371
433.25,-55.3301364650085
433.5,-63.37160222205343
433.75,-56.15644414063473
434.0,-53.87696535206707
434.25,-48.40394371963988
434.5,-45.89800924922225
434.75,-48.94783297298016
435.0,-59.08259617607549
435.25,-55.51440087184848
435.5,-53.322356138608626
435.75,-48.908417385682945
436.0,-57.074231609919835
436.25,-59.669962142567904
436.5,-46.622837939254616
436.75,-55.1340700165202
437.0,-57.55453616668843
437.25,-56.67321262320377
437.5,-61.06926018782502
437.75,-47.72995674852542
438.0,-54.88590551065436
438.25,-62.45765090741352
438.5,-53.12438307315773
438.75,-59.75699234585703
439.0,-59.12327031564025
439.25,-50.861678048058835
439.5,-50.71152863924589
439.75,-58.59944129627412
440.0,-60.85213499718923
440.25,-57.67059131058522
440.5,-58.346140159369526
440.75,-48.502431987211
441.0,-53.8571403616247
441.25,-54.50722353538389
441.5,-55.62322303772887
441.75,-52.68121914392827
442.0,-51.159245160025876
442.25,-54.485938716193026
442.5,-53.78822317054852
442.75,-54.66175351685095
443.0,-50.7628626359605
443.25,-46.783228093026366
443.5,-59.15472404832462
443.75,-54.87774169267202
444.0,-59.03234775397143
444.25,-46.410985137553865
444.5,-53.13019370737709
444.75,-51.113469105554216
445.0,-51.46341616699716
445.25,-62.57326654166032
445.5,-46.68133592415615
445.75,-45.086020730152384
446.0,-59.41594870593476
446.25,-52.401029069718724
446.5,-51.343606805385456
446.75,-53.97834812034469
447.0,-53.14029992504288
447.25,-46.26917534690316
447.5,-50.17144388558951
447.75,-54.25156140160914
448.0,-56.849656436615874
448.25,-47.48692602510883
448.5,-50.34813806513888
448.75,-62.403637696355766
449.0,-49.89628611650872
449.25,-55.122538936893065
449.5,-57.17869812706248
449.75,-62.00527980305343
450.0,-52.19150607100547
450.25,-57.139328044685314
450.5,-58.05188162861163
450.75,-59.93641343325515
451.0,-46.16953792217796
451.25,-60.39395914266605
451.5,-53.867774532186914
451.75,-50.95765835287321
452.0,-50.38315986333515
452.25,-54.71922810801247
452.5,-52.99968532048272
452.75,-50.02480846803247
453.0,-44.75124543372314
453.25,-48.59010928226893
453.5,-55.08986138366269
453.75,-54.02663986410505
454.0,-52.58090701550623
454.25,-62.06692338697168
454.5,-58.31647923166832
454.75,-49.601745860205014
455.0,-58.09351035744157
455.25,-54.467438069678884
455.5,-56.973690593228675
455.75,-56.33722055894979
456.0,-54.312838747219686
456.25,-39.56412372004332
456.5,-48.27478932960813
456.75,-50.26199354345973
457.0,-51.20120663477742
457.25,-59.20994458246182
457.5,-49.16949566845705
457.75,-57.00115067679694
458.0,-55.60525607902776
458.25,-57.39808443518763
458.5,-46.252471441493824
458.75,-56.75419335342806
459.0,-46.30271210608305
459.25,-45.777489437934065
459.5,-46.97297246625522
459.75,-52.741075711804896
460.0,-48.48339182094485
460.25,-52.62531440045525
460.5,-51.53818531336447
460.75,-58.66011867948192
461.0,-51.16698260672945
461.25,-47.08165237449258
461.5,-55.83925051516037
461.75,-43.18858255640555
462.0,-56.27626989060395
462.25,-57.638636635523284
462.5,-44.55740729916774
462.75,-61.7897215571643
463.0,-61.86374042079563
463.25,-54.895724713804995
463.5,-56.9792123432547
463.75,-53.61515485833
464.0,-54.51749590465421
464.25,-52.28983065810636
464.5,-42.76645858171257
464.75,-56.52559438930753
465.0,-56.66070884940779
465.25,-50.09744563381903
465.5,-56.571918576772624
465.75,-52.253482546255405
466.0,-51.492999237707515
466.25,-50.95812835455635
466.5,-46.243962709459765
466.75,-60.808564501997914
467.0,-47.416036572593974
467.25,-54.35389275782697
467.5,-56.7719041136606
467.75,-54.423666672628464
468.0,-51.8704299679952
468.25,-56.1164063659835
468.5,-46.5386811026449
468.75,-56.84414603845561
469.0,-44.87752836410826
469.25,-64.94946249884356
469.5,-53.975978537097426
469.75,-48.28935136622369
470.0,-57.32683700077174
470.25,-50.73130998569253
470.5,-48.08451864321257
470.75,-55.642512479136855
471.0,-59.61502632960363
471.25,-48.86276325426616
471.5,-51.82903648042066
471.75,-55.890564234891706
472.0,-58.164501819171434
472.25,-54.59574491208034
472.5,-50.828246857089034
472.75,-49.82518753895814
473.0,-54.08458646981833
473.25,-55.397340910813185
473.5,-49.42439302280896
473.75,-49.44546570992223
474.0,-44.01773636412435
474.25,-51.89565341743562
474.5,-54.942369787694496
474.75,-53.322794309126024
475.0,-57.9670424829191
475.25,-54.42927357451049
475.5,-56.537837258805006
475.75,-53.314272527376374
476.0,-54.43026214247476
476.25,-50.20765837835715
476.5,-53.68641176268682
476.75,-49.48528314997146
477.0,-63.1901792610488
477.25,-50.59503191748788
477.5,-49.30319971191569
477.75,-45.253659386404266
478.0,-51.48475625546292
478.25,-46.749805162837
478.5,-44.60509553630969
478.75,-53.16573355852253
479.0,-52.05177050993505
479.25,-59.871475333479545
479.5,-47.03264727322486
479.75,-54.19507442439017
480.0,-55.3782578194265
480.25,-54.338676985666226
480.5,-49.259762431982104
480.75,-48.66027499657203
481.0,-51.8302427168558
481.25,-56.7814427917192
481.5,-49.375208134809675
481.75,-60.0936525513904
482.0,-55.92797471044858
482.25,-48.892472248522694
482.5,-50.41420034003357
482.75,-51.839944986143195
483.0,-53.838382395324224
483.25,-48.0798588055833
483.5,-54.20855646412941
483.75,-62.967347436769145
484.0,-45.89790534077643
484.25,-52.12070808110043
484.5,-47.2430940411438
484.75,-49.308247635288
485.0,-52.529942847287614
485.25,-41.84287387642886
485.5,-56.64785638163066
485.75,-49.29727675912535
486.0,-58.79568840716541
486.25,-46.138607698814894
486.5,-53.27836865675088
486.75,-58.66651759375825
487.0,-62.22480724345046
487.25,-50.17130305799285
487.5,-51.696813041806635
487.75,-60.57547005935895
488.0,-52.88988634225383
488.25,-48.15456391626391
488.5,-54.56702004336158
488.75,-50.77029776218965
489.0,-57.44038982663053
489.25,-50.688396183869145
489.5,-47.97782441392254
489.75,-51.59358783161184
490.0,-50.96777774711056
490.25,-50.2088879602489
490.5,-52.43395501642255
490.75,-52.86588283416569
491.0,-50.680904865360624
491.25,-48.353836900170165
491.5,-53.889276647425895
491.75,-48.47773292352328
492.0,-57.05798534400378
492.25,-51.03543060855534
492.5,-54.36042371025441
492.75,-54.86835811165228
493.0,-53.530378235266504
493.25,-54.84139288675514
493.5,-58.08024964797781
493.75,-53.664161972768376
494.0,-47.498884216500706
494.25,-56.57061023558352
494.5,-57.0195716265099
494.75,-54.24886893530097
495.0,-54.24440006920808
495.25,-49.27160686817455
495.5,-53.775834240335364
495.75,-56.120065732496855
496.0,-45.925458094402856
496.25,-49.01405137587738
496.5,-54.77566411452303
496.75,-55.05313624337297
497.0,-57.315397871947226
497.25,-53.11332182965909
497.5,-51.4965043113787
497.75,-47.65369727497641
498.0,-49.747586669642594
498.25,-54.40040504373597
498.5,-48.48765489042723
498.75,-59.39082565595604
499.0,-58.94633870854638
499.25,-52.75157405121697
499.5,-47.966780049395354
499.75,-57.12137674252979
500.0,-52.12661005456837
500.25,-48.14128613308989
500.5,-49.25805039085463
500.75,-53.38908343984312
501.0,-51.22156092531884
501.25,-50.34922133812847
501.5,-50.05101655763712
501.75,-54.58167744557612
502.0,-50.57763165508589
502.25,-48.34175964980141
502.5,-60.806032781735446
502.75,-47.574366267712854
503.0,-59.43543939890414
503.25,-54.74772051527773
503.5,-46.24668946463144
503.75,-57.42215723197215
504.0,-58.44403625635179
504.25,-47.70041830833098
504.5,-53.440946534839206
504.75,-56.06612632779344
505.0,-52.43835309950039
505.25,-45.08451765793848
505.5,-53.695435260258144
505.75,-50.40049159513314
506.0,-45.40597621646499
506.25,-55.954327718269845
506.5,-45.58405125711598
506.75,-53.97139877635425
507.0,-52.38292057379945
507.25,-51.43721386222298
507.5,-48.622175781597896
507.75,-49.38016192959427
508.0,-50.02379703839673
508.25,-55.81359995722636
508.5,-51.423443476019614
508.75,-55.71049332348842
509.0,-55.66119965394904
509.25,-57.63968500806155
509.5,-52.22477447187583
509.75,-50.037187896660335
510.0,-55.19955934900638
510.25,-51.58285528578412
510.5,-48.06001929235545
510.75,-59.94502396818368
511.0,-50.23670326824648
511.25,-48.23682457768887
511.5,-59.13070071746452
511.75,-56.45909850907459
512.0,-48.342519645549565
512.25,-50.80079124073661
512.5,-59.993396100937254
512.75,-52.66038535735576
513.0,-54.77704346297134
513.25,-51.598915805811586
513.5,-46.025931947684384
513.75,-53.1375827489561
514.0,-49.102024754718066
514.25,-55.50700707497666
514.5,-60.2300597178629
514.75,-52.360166669659414
515.0,-50.88797600111941
515.25,-50.376086268866445
515.5,-51.72101016828628
515.75,-61.19204879317349
516.0,-57.19063610760542
516.25,-52.67432024089084
516.5,-52.06296482714121
516.75,-51.29640949428647
517.0,-56.95848201716359
517.25,-56.176371361776404
517.5,-55.888498936928144
517.75,-59.43741303065528
518.0,-53.752241826680844
518.25,-54.99337789426424
518.5,-48.81443588754184
518.75,-56.202584767800396
519.0,-50.90352693353285
519.25,-56.088893627952444
519.5,-58.684607808562205
519.75,-52.27481782272162
520.0,-56.14844055327456
520.25,-54.757322806520136
520.5,-55.90417763177164
520.75,-52.10559230669762
521.0,-53.96491613686936
521.25,-42.87791704883611
521.5,-54.112939285870084
521.75,-55.94567242029135
522.0,-59.39289832571485
522.25,-54.656981740885385
522.5,-54.498017877267515
522.75,-48.84766887896301
523.0,-55.32688074953959
523.25,-55.11402934680124
523.5,-60.05573665896605
523.75,-53.54202782267972
524.0,-52.13530768162398
524.25,-57.63717249721662
524.5,-56.145636113167235
524.75,-42.863665260553304
525.0,-53.71416073597749
525.25,-52.608772482640646
525.5,-53.14417753796312
525.75,-51.389088672214875
526.0,-49.035106289902565
526.25,-50.31937360294858
526.5,-48.71865173327877
526.75,-53.08568306732525
527.0,-49.72914403840548
527.25,-46.678638093411514
527.5,-46.46659545919671
527.75,-50.86606884981598
528.0,-51.85095169071441
528.25,-55.98676685807581
528.5,-48.02561535579799
528.75,-44.90633097503043
529.0,-60.8617040020554
529.25,-58.55198324580601
529.5,-55.27822681133364
529.75,-59.56942489203093
530.0,-54.84948310685179
530.25,-56.69274460631473
530.5,-47.22549133611889
530.75,-56.04263276248691
531.0,-58.35188857207023
531.25,-47.47380413120286
531.5,-54.78654919563077
531.75,-55.17959255534821
532.0,-59.08447986906354
532.25,-52.89582940468895
532.5,-55.579267578701916
532.75,-43.41356704170988
533.0,-53.03555495273954
533.25,-50.32867981913907
533.5,-54.19708722855424
533.75,-50.08885671916329
534.0,-51.48393557406415
534.25,-55.18268752575339
534.5,-50.75878917841556
534.75,-48.22251084947851
535.0,-57.56152165118062
535.25,-51.959485225140625
535.5,-52.3874086742728
535.75,-55.41815188225589
536.0,-48.73876459392213
536.25,-47.322687651535155
536.5,-64.1329841016602
536.75,-53.02372313211858
537.0,-57.00701499101986
537.25,-61.14928052272799
537.5,-52.093215342201404
537.75,-39.20255196653677
538.0,-43.910156480374475
538.25,-41.421387744422375
538.5,-46.12745262854063
538.75,-53.3504730156837
539.0,-46.714670612495134
539.25,-55.68778372114402
539.5,-52.31541714545091
539.75,-54.62801145442385
540.0,-56.27718937045076
540.25,-54.70848739249449
540.5,-55.530198816805324
540.75,-48.968163699404045
541.0,-55.68513033959644
541.25,-51.83293834541755
541.5,-55.82928595649464
541.75,-48.0193228740069
542.0,-55.3247983203364
542.25,-54.99113816211297
542.5,-63.326638362596306
542.75,-60.15162280915074
543.0,-58.024870154147365
543.25,-48.775725015275064
543.5,-45.14913976323467
543.75,-42.45480138272592
544.0,-55.877069801423275
544.25,-60.713205416375004
544.5,-63.92719167372451
544.75,-50.28246598250247
545.0,-64.99121683795013
545.25,-46.53535181953095
545.5,-49.40412677068492
545.75,-55.068583352487835
546.0,-52.332401448032975
546.25,-47.01770677648999
546.5,-53.87293152234266
546.75,-53.43724388183157
547.0,-46.860084660003345
547.25,-59.459614092998564
547.5,-54.335777432509964
547.75,-49.817349233203444
548.0,-53.05709543905387
548.25,-47.38685495338576
548.5,-59.796871481614716
548.75,-51.64062358346865
549.0,-52.97486853275038
549.25,-55.13158862961283
549.5,-58.73706262682987
549.75,-49.177673092465206
550.0,-52.66929177067659
550.25,-59.08075444944804
550.5,-47.99471161295873
550.75,-46.6499962721435
551.0,-48.314144083457364
551.25,-52.04416311339804
551.5,-51.463991626719604
551.75,-47.90527066617298
552.0,-46.38428009833224
552.25,-56.81106059041199
552.5,-48.77922106527498
552.75,-56.275934274178766
553.0,-51.96433981322447
553.25,-53.04040165168109
553.5,-58.11879870450883
553.75,-52.95002364860501
554.0,-51.98027740154628
554.25,-55.62303008655166
554.5,-54.359879738300464
554.75,-60.79069096143927
555.0,-48.30032172149236
555.25,-53.223047442984196
555.5,-53.87008162217076
555.75,-39.92800836868142
556.0,-49.263541064266846
556.25,-49.80529192158553
556.5,-53.56056505578623
556.75,-48.136866720884015
557.0,-54.69356809841077
557.25,-43.449515985772415
557.5,-59.537016494589636
557.75,-57.04651111847669
558.0,-46.573975604983026
558.25,-58.3217516095991
558.5,-54.207913842686374
558.75,-57.65204218446462
559.0,-56.21708934527545
559.25,-54.97390006429165
559.5,-52.672888475171455
559.75,-52.706127298878116
560.0,-50.72782985737724
560.25,-55.66351097554116
560.5,-52.555119449369165
560.75,-57.831531636264216
561.0,-44.57613083027613
561.25,-59.60907971867568
561.5,-48.208337518324775
561.75,-49.56546285351995
562.0,-53.18069123778722
562.25,-47.095081746605466
562.5,-52.76425467089853
562.75,-57.0243365923522
563.0,-58.33327114926037
563.25,-57.14853384370028
563.5,-57.49718334066131
563.75,-59.83790197226938
564.0,-44.58795363084986
564.25,-57.281509774302734
564.5,-53.34558982294139
564.75,-57.9033367359928
565.0,-52.22572227121156
565.25,-53.76209632736985
565.5,-59.46868135719074
565.75,-51.50396167522242
566.0,-61.47772537469576
566.25,-51.17190036397263
566.5,-62.44728773399058
566.75,-45.61793999013322
567.0,-59.53001317146627
567.25,-52.27157499642285
567.5,-52.8187453505361
567.75,-60.24920645617548
568.0,-56.98799330315195
568.25,-42.01526748295909
568.5,-50.53035406880742
568.75,-51.42781317189409
569.0,-47.204679987270765
569.25,-55.21316305366892
569.5,-50.12053860442043
569.75,-47.84680335024675
570.0,-58.16653288528481
570.25,-53.52964931254615
570.5,-55.92960529627599
570.75,-57.602009610278046
571.0,-58.40088150768017
571.25,-51.167118102764185
571.5,-49.316118745616166
571.75,-53.817418160115196
572.0,-53.738290975775804
572.25,-45.923711999093854
572.5,-50.449427995418866
572.75,-44.9624140826689
573.0,-54.45563931170856
573.25,-49.44981987749613
573.5,-46.72693939981821
573.75,-56.99738477679614
574.0,-45.691184672693105
574.25,-56.386343223961205
574.5,-47.84992937108875
574.75,-52.15220096551425
575.0,-55.3978741270254
575.25,-50.40455812574338
575.5,-54.60501820054592
575.75,-53.16881893718881
576.0,-47.96795240491049
576.25,-54.05492055617589
576.5,-51.28446086239559
576.75,-57.05132160880422
577.0,-60.81949326492949
577.25,-52.967308147231705
577.5,-50.199229857196286
577.75,-63.0783036352015
578.0,-58.105696168504025
578.25,-43.903534177179566
578.5,-50.516646571634325
578.75,-55.519322529055735
579.0,-52.19654011221536
579.25,-59.33730764852766
579.5,-59.87741650950712
579.75,-53.40255711861077
580.0,-57.601845678248466
580.25,-55.758827553583465
580.5,-50.02060740949066
580.75,-48.223437656792015
581.0,-50.52053716817714
581.25,-49.88290797206527
581.5,-51.16401013066512
581.75,-48.1842374668708
582.0,-48.947912692075576
582.25,-56.685653090047666
582.5,-46.2074363623299
582.75,-48.30904927678783
583.0,-59.22208366817022
583.25,-41.46631468597999
583.5,-58.55650396370249
583.75,-52.64603256590523
584.0,-64.68085845690544
584.25,-48.89078613313934
584.5,-51.880193438838056
584.75,-42.318185979961335
585.0,-48.51159086281518
585.25,-42.92227656702566
585.5,-56.98036628340442
585.75,-40.45591435890805
586.0,-49.2116953206495
586.25,-58.94088946894072
586.5,-59.065250534927486
586.75,-64.55907664646601
587.0,-44.924595546334174
587.25,-50.28635598191668
587.5,-54.288486708691664
587.75,-53.019369460706145
588.0,-53.48057611223731
588.25,-49.58480991564051
588.5,-60.89495368941569
588.75,-51.1790238349019
589.0,-51.07283096298981
589.25,-55.109516758509834
589.5,-46.4234343203751
589.75,-48.37332081891252
590.0,-53.66097185005796
590.25,-53.485146362825255
590.5,-47.77265872986732
590.75,-49.62496859322694
591.0,-48.21226780903233
591.25,-57.192916222697775
591.5,-51.6353056536257
591.75,-52.52131043650538
592.0,-54.838943606468376
592.25,-54.65823037319376
592.5,-49.822779317688266
592.75,-55.4758466686131
593.0,-51.00455293002921
593.25,-57.72455472143186
593.5,-46.84399091628783
593.75,-55.29091661025712
594.0,-51.515419516749155
594.25,-48.692123845314626
594.5,-44.82241675918452
594.75,-47.13749091862209
595.0,-53.71580727336208
595.25,-52.55649708219354
595.5,-53.65097703767234
595.75,-52.78094027293239
596.0,-60.13909435967437
596.25,-46.885323745607245
596.5,-56.09835104593372
596.75,-45.861439143699556
597.0,-54.18921536620107
597.25,-64.09260983449089
597.5,-46.30400032524747
597.75,-50.10187730829117
598.0,-48.44573794741157
598.25,-50.119561075835726
598.5,-49.50726286567366
598.75,-52.59940726332929
599.0,-53.384881399682065
599.25,-53.03224253093447
599.5,-51.98498309718764
599.75,-50.64523628844571
600.0,-50.22377206735463
600.25,-54.69782187549835
600.5,-47.98503037963137
600.75,-52.33683838796262
601.0,-49.357652219654184
601.25,-49.49784021854067
601.5,-54.110155113567274
601.75,-62.24284417235689
602.0,-53.562951646587784
602.25,-51.28923000175049
602.5,-59.8672059941282
602.75,-58.46748962051642
603.0,-61.75779685433227
603.25,-54.36067219323272
603.5,-54.83375111124802
603.75,-50.88401287249734
604.0,-47.346160089463574
604.25,-47.34029511785669
604.5,-51.46363792950682
604.75,-47.35881738804889
605.0,-58.47390557363523
605.25,-58.43082802428599
605.5,-50.4558217039461
605.75,-60.33165133819832
606.0,-60.216191096897546
606.25,-53.04715969715479
606.5,-58.06317248299766
606.75,-49.26212322416361
607.0,-57.50617986982662
607.25,-42.23808976893681
607.5,-53.73901632823683
607.75,-51.99761929237951
608.0,-51.44277986752473
608.25,-64.16751989294443
608.5,-46.746496972641054
608.75,-44.90714435498942
609.0,-48.61952382845353
609.25,-43.953148392491364
609.5,-49.578511672846275
609.75,-48.42635352218705
610.0,-48.10345047830589
610.25,-53.25429879472361
610.5,-58.203596070781536
610.75,-45.981515884176645
611.0,-58.200828917654746
611.25,-56.27856925037443
611.5,-53.87943583094381
611.75,-51.12539969313565
612.0,-49.742250535752994
612.25,-53.4384569911043
612.5,-41.49656780319151
612.75,-44.83721765699258
613.0,-65.84810082044537
613.25,-45.62267234411936
613.5,-53.14325221301281
613.75,-49.96544345952907
614.0,-51.23062617299692
614.25,-52.40443836575377
614.5,-57.82834763616535
614.75,-48.69380402344011
615.0,-50.329123587906224
615.25,-50.19726709084757
615.5,-55.89848733783657
615.75,-56.50719206111112
616.0,-43.989631733252
616.25,-48.822680886894574
616.5,-59.3562716448067
616.75,-54.23779336614539
617.0,-49.57372038839139
617.25,-63.6096259297465
617.5,-54.993909995756475
617.75,-48.72139239001197
618.0,-48.19812533022487
618.25,-49.98388204503044
618.5,-58.12186860890697
618.75,-57.89879631025771
619.0,-68.64731958581845
619.25,-59.655840997521565
619.5,-46.7856834873619
619.75,-57.5830864805898
620.0,-54.85880240951847
620.25,-50.96249643237683
620.5,-54.27533364009771
620.75,-46.449720269342635
621.0,-52.48003166187539
621.25,-47.47513359700132
621.5,-49.52636258942924
621.75,-49.415667541340284
622.0,-59.30064877415059
622.25,-54.03346765070865
622.5,-48.456193285987936
622.75,-49.92574635938113
623.0,-50.12493763496134
623.25,-56.013527727173056
623.5,-55.1241752159824
623.75,-53.41818302169682
624.0,-53.602574359040965
624.25,-54.9175300137782
624.5,-53.361034843974124
624.75,-54.48605998210712
625.0,-50.89675814703381
625.25,-48.949235017537916
625.5,-51.43792523752354
625.75,-46.83686047994245
626.0,-59.047402864052884
626.25,-52.26411197378454
626.5,-52.705215777607684
626.75,-49.951151614432916
627.0,-52.49800869102723
627.25,-50.98357778831852
627.5,-52.98053120557123
627.75,-56.13497548006163
628.0,-49.846386339757
628.25,-54.413409559666974
628.5,-52.630377758690194
628.75,-49.69644983449723
629.0,-53.11977364061145
629.25,-58.5340329062105
629.5,-42.57866153837584
629.75,-49.63288592525868
630.0,-55.89881048168682
630.25,-55.37078467490892
630.5,-46.80487724386371
630.75,-55.13347443846248
631.0,-49.67560732003757
631.25,-58.14582467137179
631.5,-51.944384698921844
631.75,-51.96517057552081
632.0,-61.41083316299804
632.25,-51.833420571777246
632.5,-60.71708821282502
632.75,-56.78271104634926
633.0,-56.55765588145864
633.25,-50.102034830827684
633.5,-56.27726503111578
633.75,-43.785081835255156
634.0,-59.74835259219055
634.25,-51.3499780760232
634.5,-52.57792754464185
634.75,-55.55628443839224
635.0,-55.396655436249546
635.25,-56.39512914329704
635.5,-59.4019213072193
635.75,-61.181287893235954
636.0,-60.29397395890801
636.25,-53.09867931808471
636.5,-56.26286006044825
636.75,-50.73381179626525
637.0,-57.16633173143454
637.25,-47.170103387594914
637.5,-59.65338149365179
637.75,-59.83194768823655
638.0,-46.22703634244104
638.25,-56.01509789886296
638.5,-47.119996010048915
638.75,-54.75286697440496
639.0,-44.10547035271183
639.25,-52.44332019558349
639.5,-50.98087532961779
639.75,-53.09210783236388
640.0,-52.15934474429753
640.25,-54.53410344847646
640.5,-52.34333534511181
640.75,-53.0189086730024
641.0,-50.57511525124905
641.25,-54.6712967915612
641.5,-54.76816774771267
641.75,-57.38002512145364
642.0,-54.35220796368204
642.25,-56.72489552526823
642.5,-61.37526335079417
642.75,-54.33881514468245
643.0,-53.284078366546716
643.25,-48.35313492481403
643.5,-44.72243905433856
643.75,-47.62520265332518
644.0,-49.569661798438524
644.25,-49.946254441010495
644.5,-54.07979781077239
644.75,-49.55466630150352
645.0,-51.03244003969697
645.25,-48.09354774544263
645.5,-59.349263762576655
645.75,-66.43905595012272
646.0,-57.401291079035026
646.25,-55.16015007224409
646.5,-57.63353197775398
646.75,-48.738298381362426
647.0,-54.667816308557036
647.25,-51.14573691121304
647.5,-56.54612649666189
647.75,-51.66369539282761
648.0,-47.74102377112975
648.25,-54.118429882351556
648.5,-56.11377267507377
648.75,-47.528401712850226
649.0,-43.526184780133164
649.25,-57.85499714041399
649.5,-43.654512690795826
649.75,-54.46085552709038
650.0,-67.72835090674158
650.25,-58.94482935062997
650.5,-55.258371389357876
650.75,-52.871314731445864
651.0,-60.65687076107351
651.25,-60.447537994990306
651.5,-59.67105589012616
651.75,-49.628884631718904
652.0,-41.494914979049895
652.25,-52.83985141107157
652.5,-52.816412657274896
652.75,-55.28496149499813
653.0,-44.09150392664216
653.25,-55.12166745672646
653.5,-53.75770454230006
653.75,-48.78648231167579
654.0,-56.58263714746975
654.25,-49.82486854453153
654.5,-50.85693807565501
654.75,-50.656084060589265
655.0,-57.757359996452124
655.25,-48.81685785519626
655.5,-50.79559813205834
655.75,-57.40572490083679
656.0,-58.02620708908891
656.25,-45.74831253540363
656.5,-51.95820367893325
656.75,-56.034148894458156
657.0,-55.838707467713064
657.25,-55.62866733707028
657.5,-51.0714545734624
657.75,-50.91543129449216
658.0,-51.77762685100125
658.25,-54.69710003313246
658.5,-57.826752095416595
658.75,-55.59067628262752
659.0,-46.96261746739069
659.25,-55.8349243372717
659.5,-46.01113230789415
659.75,-56.18207110333891
660.0,-60.49772899117788
660.25,-52.536350640932675
660.5,-55.43742573597601
660.75,-53.135877743867354
661.0,-46.82488138831999
661.25,-49.09096655747357
661.5,-52.84459468396189
661.75,-53.42538611528051
662.0,-46.991312751953856
662.25,-56.3285548012342
662.5,-55.933598706388835
662.75,-55.93337570719054
663.0,-46.38938350341964
663.25,-56.2271472987031
663.5,-53.816910484596754
663.75,-54.62261988316382
664.0,-51.40291023137578
664.25,-55.35662342477932
664.5,-48.600734860348425
664.75,-63.96090354004893
665.0,-51.33208592358539
665.25,-60.766691780502484
665.5,-58.26052754537147
665.75,-54.3666502701873
666.0,-46.6916465851437
666.25,-57.01303131957022
666.5,-52.28879570947127
666.75,-54.54126763092358
667.0,-53.76598387815556
667.25,-58.25201795187678
667.5,-53.87732330599765
667.75,-55.27306398958268
668.0,-52.469649355020266
668.25,-43.21951748722152
668.5,-42.781632451335255
668.75,-51.598921532901244
669.0,-56.34871848443444
669.25,-49.14559027086864
669.5,-59.610673412778176
669.75,-55.063490178748886
670.0,-45.33722344509943
670.25,-65.50661248334441
670.5,-42.373924256145905
670.75,-50.55152026153341
671.0,-52.39849993881127
671.25,-53.51932161319864
671.5,-51.685926272968736
671.75,-51.642294928715195
672.0,-52.84053985637947
672.25,-53.62109485277314
672.5,-52.395445980156694
672.75,-54.14566886049329
673.0,-51.18092496234074
673.25,-51.06228712105385
673.5,-56.46213936178966
673.75,-51.285894107885184
674.0,-55.75535881630706
674.25,-59.49725027147349
674.5,-57.96553395931987
674.75,-53.361337481748784
675.0,-49.64225618694932
675.25,-49.27836084192084
675.5,-43.58222610487427
675.75,-57.6315923175628
676.0,-56.09787573874507
676.25,-51.4408693225689
676.5,-56.69521563792814
676.75,-50.6239935054444
677.0,-57.19791466394122
677.25,-49.447922460491796
677.5,-50.7615609129168
677.75,-55.22774030282688
678.0,-47.417796321111105
678.25,-49.19357520675231
678.5,-52.427129136011516
678.75,-53.62885977869832
679.0,-57.744319970294704
679.25,-54.03354300763646
679.5,-48.93287570724669
679.75,-51.690041964269575
680.0,-46.16651241953792
680.25,-53.44540623907464
680.5,-55.77419981144191
680.75,-51.130179838351644
681.0,-55.31963560531004
681.25,-57.57108828890154
681.5,-54.98891889602503
681.75,-58.5171247703951
682.0,-56.01254739082054
682.25,-47.994253684665104
682.5,-44.236469819834994
682.75,-60.392078306033255
683.0,-44.11137693042884
683.25,-58.16082152327927
683.5,-61.992157144037435
683.75,-53.66746454089247
684.0,-47.539820407923045
684.25,-47.10630821570722
684.5,-51.48705041965948
684.75,-49.43583816759973
685.0,-43.54105910920221
685.25,-50.307069723577634
685.5,-49.870099277250276
685.75,-48.06809364324134
686.0,-51.918973756386855
686.25,-61.23445149554887
686.5,-61.39682696541685
686.75,-58.10068420567566
687.0,-52.0710917610703
687.25,-58.301728952221
687.5,-54.51072512792521
687.75,-45.70329318134722
688.0,-55.904222133758594
688.25,-54.40622194745201
688.5,-50.90757537317392
688.75,-44.14545663382165
689.0,-50.968951437320975
689.25,-45.42567660377396
689.5,-56.74848926114978
689.75,-56.5480421487979
690.0,-51.34118973554725
690.25,-53.301242313379824
690.5,-53.33114422453677
690.75,-53.86960843655792
691.0,-49.6243687909805
691.25,-55.305344050892046
691.5,-55.32855862147095
691.75,-50.90574825153151
692.0,-55.1949838368127
692.25,-57.30932311318664
692.5,-57.269452076519954
692.75,-56.28689376063733
693.0,-56.23827256033712
693.25,-49.81425930500066
693.5,-50.89592595526217
693.75,-55.542456740311685
694.0,-52.04588924930659
694.25,-49.378095336137086
694.5,-59.83885142128365
694.75,-62.01465671277798
695.0,-56.491121883548935
695.25,-57.88438886796118
695.5,-58.459953485780865
695.75,-54.906563028585595
696.0,-47.41791310910265
696.25,-60.17792392341352
696.5,-55.26176006947681
696.75,-50.129201927156046
697.0,-46.49660704207258
697.25,-58.526907521841935
697.5,-56.901695128699195
697.75,-52.19505577577591
698.0,-51.665704599134244
698.25,-57.92957073203145
698.5,-49.377656098846884
698.75,-55.64010826869216
699.0,-61.195023432217326
699.25,-53.8310041159342
699.5,-61.979358457853735
699.75,-58.971155685085975
700.0,-60.65137993986827
700.25,-53.67794572006943
700.5,-49.62640717655561
700.75,-52.88080258530228
701.0,-45.52857069160958
701.25,-53.061551531159786
701.5,-54.90457453159837
701.75,-54.38991439012198
702.0,-55.814351669098734
702.25,-54.53456471140147
702.5,-54.7171946523181
702.75,-54.976927669598005
703.0,-48.927715351666485
703.25,-55.88642479385146
703.5,-59.75525926385072
703.75,-47.00582499836634
704.0,-46.90673698620775
704.25,-55.91274372220444
704.5,-50.604632000324045
704.75,-45.97257208735567
705.0,-56.378798479795165
705.25,-49.794256197096644
705.5,-50.95102376008098
705.75,-60.453384129150656
706.0,-48.931987403982966
706.25,-50.11649060643464
706.5,-62.273971231353215
706.75,-55.8702123588774
707.0,-51.541179810711725
707.25,-53.14656924729867
707.5,-60.023847675171105
707.75,-53.83648108403859
708.0,-55.73194968179236
708.25,-52.206226033850854
708.5,-55.130189851882044
708.75,-58.090708136707086
709.0,-49.798957134940835
709.25,-48.96674834393043
709.5,-51.81604088811911
709.75,-42.73860987043517
710.0,-48.63456875197913
710.25,-50.0159848971716
710.5,-52.070814679292525
710.75,-51.29026742837805
711.0,-58.888939689722186
711.25,-57.89710336776978
711.5,-48.36933466378235
711.75,-54.84292749087762
712.0,-49.856499911465704
712.25,-39.69729566755625
712.5,-43.6229565455002
712.75,-67.12522360535252
713.0,-51.558228393490644
713.25,-52.60245813084227
713.5,-53.674671042926995
713.75,-55.86808527350322
714.0,-55.901133073939796
714.25,-46.98931523403912
714.5,-47.32013727145499
714.75,-47.80863669866744
715.0,-52.590310819189774
715.25,-59.16849045183255
715.5,-55.81241705726275
715.75,-48.625584744779836
716.0,-51.43799084493351
716.25,-61.70053000392719
716.5,-55.42682306249359
716.75,-54.33141723382321
717.0,-57.3401832130522
717.25,-58.778683651437916
717.5,-49.12176312543306
717.75,-66.8263297266312
718.0,-55.35673320728307
718.25,-56.689347561533076
718.5,-54.54791261641304
718.75,-48.37590010437849
719.0,-55.17885074249683
719.25,-47.98668995651313
719.5,-48.14381487273951
719.75,-59.23367355757347
720.0,-51.16486716952849
720.25,-48.55700428084878
720.5,-50.12653730118808
720.75,-53.03145958420812
721.0,-59.567989076453046
721.25,-45.13193935707345
721.5,-48.482992361285895
721.75,-54.927619495169665
722.0,-59.318771920098584
722.25,-54.72748198595316
722.5,-52.19310314645885
722.75,-53.71214034956044
723.0,-53.288413469498806
723.25,-57.76655518035193
723.5,-54.1280227396633
723.75,-54.82517667485718
724.0,-55.13263048481824
724.25,-48.653856040489416
724.5,-50.92740920690157
724.75,-47.902866530878896
725.0,-51.22507722339092
725.25,-53.807295272645526
725.5,-47.685327339173426
725.75,-54.279712518380094
726.0,-44.0409619945158
726.25,-54.276936851105084
726.5,-59.53064758011983
726.75,-50.425254019766655
727.0,-55.69095098384171
727.25,-55.26949129853267
727.5,-49.48280117977614
727.75,-51.90015889848302
728.0,-47.102868991911194
728.25,-56.504041831604084
728.5,-55.97470456183006
728.75,-55.61959616272178
729.0,-58.940207041619594
729.25,-52.251257162906256
729.5,-49.86608367580456
729.75,-49.75810589298983
730.0,-51.12791702201313
730.25,-52.98116586669419
730.5,-48.151401248599264
730.75,-56.01504428631546
731.0,-43.7082717884378
731.25,-56.034844735345644
731.5,-47.511127328240555
731.75,-51.514716497873955
732.0,-61.47136258948244
732.25,-49.97664252980252
732.5,-46.32016496651565
732.75,-51.82398406745999
733.0,-58.32257800224432
733.25,-47.77076308727259
733.5,-53.6957043361834
733.75,-41.2146318084709
734.0,-51.32596506189466
734.25,-57.464617343533625
734.5,-53.35328298676914
734.75,-49.34064382099427
735.0,-59.95655107965243
735.25,-51.11153780363886
735.5,-53.21558240472646
735.75,-59.172833066480216
736.0,-57.12183510320807
736.25,-49.29350954885625
736.5,-53.318507364713064
736.75,-59.08687453170376
737.0,-44.415308410603025
737.25,-50.108661131256795
737.5,-54.91505846680765
737.75,-54.23883092395823
738.0,-50.33357384141626
738.25,-54.97997376449197
738.5,-60.72461027202067
738.75,-43.28622229448693
739.0,-57.15589747176115
739.25,-59.351706574790725
739.5,-45.5710063568895
739.75,-56.82643336736571
740.0,-60.9439602467841
740.25,-62.65078023481305
740.5,-64.2747429240889
740.75,-53.63600125100696
741.0,-53.15688901379193
741.25,-58.013802979554654
741.5,-55.426291190366406
741.75,-49.20785191930079
742.0,-58.535693068709534
742.25,-49.66512024513959
742.5,-42.62317612429613
742.75,-50.291601986185015
743.0,-54.25696063592792
743.25,-48.07681074769474
743.5,-52.49231260098343
743.75,-50.02691618717891
744.0,-56.08409624163317
744.25,-52.539647551839465
744.5,-50.93375835763235
744.75,-42.82748045669712
745.0,-51.09084032924919
745.25,-60.0808226105051
745.5,-49.74164962202992
745.75,-53.52932473915924
746.0,-53.9106951571614
746.25,-50.71126596159333
746.5,-54.52490721902319
746.75,-54.67309407149147
747.0,-51.38671409429076
747.25,-51.388522445547444
747.5,-63.8653099217099
747.75,-58.32587439724919
748.0,-47.21576306787912
748.25,-53.83033982330467
748.5,-58.163651365108414
748.75,-52.51639215921118
749.0,-48.29493869432743
749.25,-46.694069080603576
749.5,-60.27217681318885
749.75,-59.14473125016273
750.0,-52.441909334713536
750.25,-53.17209610297486
750.5,-59.384137797518164
750.75,-47.20200333549941
751.0,-54.806686988805026
751.25,-63.54399600779319
751.5,-59.702925790075476
751.75,-54.6261570259825
752.0,-51.91110501209211
752.25,-50.18443590380456
752.5,-57.636978039696885
752.75,-47.884007602939434
753.0,-41.89306381053822
753.25,-57.01038208855222
753.5,-55.98281319569219
753.75,-47.91206752605795
754.0,-58.1565943949737
754.25,-49.446575831427424
754.5,-52.43695594724331
754.75,-57.3383975011171
755.0,-48.336437303704464
755.25,-53.88884305807835
755.5,-59.81422567344522
755.75,-55.08812268364681
756.0,-54.50776273342098
756.25,-55.95358780742311
756.5,-54.05632402574214
756.75,-58.24670070263157
757.0,-49.618449629621914
757.25,-54.232066078208
757.5,-49.65311237563577
757.75,-54.672769753782696
758.0,-52.03021973988787
758.25,-57.6002578339657
758.5,-41.922029046540594
758.75,-56.476034583953684
759.0,-51.1887990754134
759.25,-43.27585495245702
759.5,-44.929930285847036
759.75,-56.13642899142284
760.0,-44.5873732403819
760.25,-55.61980682856547
760.5,-53.230524618406434
760.75,-50.35763135538203
761.0,-45.70612720528977
761.25,-61.41500892730426
761.5,-48.32311989103965
761.75,-53.40637548143012
762.0,-50.907880572276916
762.25,-46.87512801750365
762.5,-51.81566191952622
762.75,-58.60073335968645
763.0,-59.99219299189552
763.25,-61.80391189431657
763.5,-58.901519043715155
763.75,-54.37030850693226
764.0,-63.69897483474362
764.25,-45.24206537303846
764.5,-56.00756705962242
764.75,-55.24260815836818
765.0,-48.17196718609119
765.25,-49.36189782141547
765.5,-56.71191956450227
765.75,-61.514606756614164
766.0,-56.79835098858135
766.25,-50.363806815120896
766.5,-61.791368952451556
766.75,-53.53142055512958
767.0,-65.49851009829158
767.25,-52.97609708337847
767.5,-58.54185590164485
767.75,-47.07724955810918
768.0,-56.45201925666546
768.25,-52.76315321911988
768.5,-57.80976798343579
768.75,-49.65534694031325
769.0,-57.865813052440124
769.25,-53.214314841064905
769.5,-50.575595969829926
769.75,-50.59629090381095
770.0,-43.74521029617364
770.25,-56.49543412159344
770.5,-52.39510719084273
770.75,-55.65570343781291
771.0,-54.92991273127109
771.25,-49.25091987025253
771.5,-58.76452679720536
771.75,-51.88219829030045
772.0,-47.20366888484922
772.25,-48.55343658111686
772.5,-50.69933301747888
772.75,-48.5424592345624
773.0,-58.125417182258296
773.25,-52.67449335151488
773.5,-48.63830030580025
773.75,-42.33267798442667
774.0,-46.35280424072963
774.25,-47.12241463402583
774.5,-45.9029091533988
774.75,-49.59256173016593
775.0,-55.28502294610579
775.25,-52.92155963805649
775.5,-62.50416359297064
775.75,-51.20252648792746
776.0,-51.15845960147611
776.25,-59.631573279668515
776.5,-48.14209074723953
776.75,-57.14782020628999
777.0,-53.32331117067786
777.25,-46.86224848368516
777.5,-45.54572304280971
777.75,-58.50829981204861
778.0,-48.22462667425391
778.25,-44.952832812279205
778.5,-48.91991271000304
778.75,-56.00613803295455
779.0,-60.03105281769598
779.25,-51.249200916257955
779.5,-51.18256572943267
779.75,-60.313961276815725
780.0,-53.77640027750256
780.25,-57.02948467251757
780.5,-58.67934404446234
780.75,-52.831318694063185
781.0,-50.6316742857855
781.25,-52.75193604015279
781.5,-50.19767423804291
781.75,-52.46109982536368
782.0,-49.99589311741074
782.25,-49.404189302301305
782.5,-52.76858814877753
782.75,-51.81155228687409
783.0,-54.8351551987502
783.25,-58.27145069266509
783.5,-51.54336077942115
783.75,-51.28414690200371
784.0,-59.10443460663931
784.25,-49.71611060282652
784.5,-52.027752626327214
784.75,-47.58518506191139
785.0,-56.10131891859668
785.25,-54.28289442247446
785.5,-58.93955054245184
785.75,-46.89991846033687
786.0,-46.83852224539099
786.25,-64.42457224458249
786.5,-50.27145609964838
786.75,-50.17865778143226
787.0,-54.225725195150886
787.25,-56.316895831658634
787.5,-47.24103359336048
787.75,-58.177917127433645
788.0,-55.0599537576494
788.25,-49.26256604735718
788.5,-52.593278358618406
788.75,-61.62948372797474
789.0,-52.47960744736875
789.25,-52.21807232241763
789.5,-51.733162531579794
789.75,-57.94591683217143
790.0,-52.509402521742544
790.25,-58.79014754588569
790.5,-57.26809108102733
790.75,-46.31143592995679
791.0,-49.77739482368631
791.25,-57.672236862932344
791.5,-51.618576120855245
791.75,-62.32696271167073
792.0,-59.26042269923919
792.25,-55.48772657045015
792.5,-54.147845717635285
792.75,-51.231296478918985
793.0,-54.52221346734621
793.25,-43.71471511240805
793.5,-56.30206754629111
793.75,-57.21647372759638
794.0,-53.63637169806147
794.25,-50.64385019662963
794.5,-55.158438776805156
794.75,-57.674410591756605
795.0,-54.181330413349805
795.25,-52.94787656854868
795.5,-51.28516650849996
795.75,-53.43669322714566
796.0,-54.54680087148102
796.25,-57.518367087534955
796.5,-48.1045703597584
796.75,-53.97121203632938
797.0,-58.03678534227928
797.25,-61.36759401212557
797.5,-55.49795529986627
797.75,-47.108358003791665
798.0,-58.93589482733885
798.25,-49.549090638193604
798.5,-52.113093477064425
798.75,-53.71563210940923
799.0,-62.10391114007083
799.25,-51.31814864283289
799.5,-53.51445337220601
799.75,-59.816346939012874
800.0,-49.544570853843155
800.25,-60.29089636079804
800.5,-41.55284454462394
800.75,-58.72096815563701
801.0,-49.01539963869607
801.25,-53.829649141761436
801.5,-49.04150716203207
801.75,-52.66502398215879
802.0,-54.7604760485812
802.25,-49.70734346591937
802.5,-55.33458243774825
802.75,-49.70186410638511
803.0,-50.097471487253195
803.25,-58.404758810836135
803.5,-48.61841302661089
803.75,-47.28342734973541
804.0,-52.12073465400364
804.25,-59.14475074470777
804.5,-49.647521441292845
804.75,-54.80008834531625
805.0,-49.08273226652418
805.25,-57.59526104417453
805.5,-55.49280230139341
805.75,-52.357567037763964
806.0,-51.381429370329855
806.25,-54.597800237924226
806.5,-54.93511855572841
806.75,-47.33636452026318
807.0,-50.61434057908929
807.25,-57.58243188394178
807.5,-52.34111169129025
807.75,-57.28654321325192
808.0,-50.22245989683397
808.25,-57.39892148674031
808.5,-47.004074869974815
808.75,-59.92218678383985
809.0,-62.30146819867827
809.25,-58.16790429146546
809.5,-63.58075010178583
809.75,-52.75200753936024
810.0,-64.49491056810074
810.25,-54.74271709430762
810.5,-56.273444294252194
810.75,-47.53735428146173
811.0,-61.219524676470364
811.25,-53.76917706959747
811.5,-47.92923844510397
811.75,-47.05969524179045
812.0,-39.25808203785441
812.25,-56.19675905882972
812.5,-42.36596720897643
812.75,-49.71003693305871
813.0,-48.921192820745695
813.25,-56.28543622157158
813.5,-54.16588101642268
813.75,-52.664983804321956
814.0,-48.73135631500517
814.25,-52.76974302599268
814.5,-48.816897429099015
814.75,-57.88077535705621
815.0,-49.87687946448091
815.25,-53.6003606988991
815.5,-50.95936200526631
815.75,-53.99205696310112
816.0,-54.54380973141521
816.25,-49.10114985224053
816.5,-47.76212301234097
816.75,-56.615856397113596
817.0,-54.60951546467356
817.25,-51.42471774563717
817.5,-50.05424958174246
817.75,-55.844655674042244
818.0,-58.48567194501907
818.25,-52.68936071963665
818.5,-53.367460661563406
818.75,-47.444787715618745
819.0,-52.183865860284016
819.25,-45.323365750288346
819.5,-52.458365914535015
819.75,-47.24059962912498
820.0,-54.863558273826825
820.25,-53.83993627750642
820.5,-54.013110079066436
820.75,-51.74892749348225
821.0,-61.220658085561524
821.25,-57.24070146402671
821.5,-57.143059128188916
821.75,-62.02613880934948
822.0,-60.13101001593744
822.25,-56.165355247996324
822.5,-57.072837771323265
822.75,-58.020010275883095
823.0,-64.90792573452737
823.25,-46.85502332435822
823.5,-50.66070666711317
823.75,-49.538702945231904
824.0,-50.37076207038049
824.25,-58.11369657952124
824.5,-59.02057290138144
824.75,-52.444955903261516
825.0,-50.55063246912047
825.25,-47.885208555522446
825.5,-52.81886686105769
825.75,-56.98029317357854
826.0,-54.9405541533438
826.25,-58.711714410301205
826.5,-45.84731128119061
826.75,-54.86822046986805
827.0,-44.492074615412534
827.25,-55.37254557481482
827.5,-48.29279795223223
827.75,-50.070473415942175
828.0,-54.06217676089033
828.25,-54.6056944299448
828.5,-59.81449332382056
828.75,-51.79109251739511
829.0,-50.09325295526329
829.25,-50.13632117354646
829.5,-41.970199206000174
829.75,-50.82460377855742
830.0,-41.8526224450024
830.25,-53.43971342304189
830.5,-59.91400862185843
830.75,-57.58031661227251
831.0,-59.85324764849018
831.25,-53.343704576674995
831.5,-54.74675506711742
831.75,-41.97141390093886
832.0,-54.139510911175535
832.25,-51.243783911129476
832.5,-55.00570276694522
832.75,-56.15385283951865
833.0,-57.50247703580554
833.25,-53.12388295877941
833.5,-52.538290130489635
833.75,-48.77519565549855
834.0,-56.67666696240986
834.25,-55.82551020588992
834.5,-54.85661482235265
834.75,-50.17756348644116
835.0,-52.97190294526529
835.25,-44.02281031286849
835.5,-51.633713274453356
835.75,-55.945658121235816
836.0,-55.450899211199356
836.25,-48.27448997968513
836.5,-60.86472685655115
836.75,-53.69538832003638
837.0,-51.3253773709486
837.25,-56.87080042615782
837.5,-51.13345703928741
837.75,-46.35806534877125
838.0,-50.08062115421474
838.25,-56.84186068642839
838.5,-51.34668629585364
838.75,-58.45172137558553
839.0,-48.03590547860455
839.25,-57.18590910530038
839.5,-53.53096146776963
839.75,-47.36451736670499
840.0,-49.77626567852043
840.25,-59.01037278674989
840.5,-51.71921974940146
840.75,-61.995726708778946
841.0,-59.01571558888388
841.25,-54.63661222242207
841.5,-55.12926909221587
841.75,-46.5715242704532
842.0,-58.96953462661858
842.25,-53.78165819131857
842.5,-47.70329407263452
842.75,-55.53663394375552
843.0,-58.8383230075291
843.25,-47.75593959057609
843.5,-57.95302106555339
843.75,-46.31909363181834
844.0,-47.41132004999176
844.25,-52.49558058046753
844.5,-52.32945501669622
844.75,-64.37342399735533
845.0,-43.69430587857823
845.25,-53.964785923299246
845.5,-51.34529311995565
845.75,-60.86084792543044
846.0,-55.851696825680406
846.25,-57.45502718729318
846.5,-52.35124695862359
846.75,-48.049358693589824
847.0,-58.60951255885366
847.25,-45.04359847896717
847.5,-44.45141808674974
847.75,-53.7766443823337
848.0,-50.07072864904966
848.25,-57.65136417259775
848.5,-49.44144288045933
848.75,-61.0540812148372
849.0,-44.88141390091202
849.25,-64.70991651432644
849.5,-48.33724750856822
849.75,-39.519966917326
850.0,-61.33162395209122
850.25,-53.62637113232867
850.5,-68.6748516355144
850.75,-58.30477229679499
851.0,-54.06253654542288
851.25,-56.24580443452648
851.5,-57.513550246866195
851.75,-51.27741863494766
852.0,-55.01882800516344
852.25,-59.31068723956224
852.5,-45.746836088348424
852.75,-62.32605596569503
853.0,-57.414493529798456
853.25,-59.18528500769055
853.5,-57.81427127518347
853.75,-49.24493569297776
854.0,-58.87909755956248
854.25,-60.23785117894834
854.5,-59.06344492053086
854.75,-47.91938718489265
855.0,-51.18930834057561
855.25,-53.40819189667659
855.5,-57.944772953749236
855.75,-48.69326243250552
856.0,-52.80573216490325
856.25,-53.47624155092126
856.5,-47.89127083829882
856.75,-51.597405041615396
857.0,-55.530767922722255
857.25,-56.921646741370445
857.5,-53.15843371320463
857.75,-59.932010948891964
858.0,-57.20449128160366
858.25,-57.03657657854434
858.5,-53.37629925242574
858.75,-47.117044752570386
859.0,-54.099438538675955
859.25,-62.826009955085375
859.5,-49.269363587681646
859.75,-46.862156986693364
860.0,-52.49771146740832
860.25,-55.36307713479771
860.5,-57.694906016151265
860.75,-55.98368588567219
861.0,-55.20306789552512
861.25,-47.931234555587565
861.5,-47.12664388940105
861.75,-53.51471457824198
862.0,-45.42699273700826
862.25,-56.67883163004415
862.5,-44.30049488010289
862.75,-55.677376322845724
863.0,-53.940051267384604
863.25,-53.94772594521813
863.5,-47.05067017633282
863.75,-51.97496439154703
864.0,-53.702943962876276
864.25,-62.33698401559275
864.5,-52.9071779112304
864.75,-57.99329547845848
865.0,-58.33130523592253
865.25,-51.38951202319289
865.5,-55.291606064703025
865.75,-53.973534735002914
866.0,-51.14849116363504
866.25,-52.315298967396664
866.5,-59.22546471859799
866.75,-51.62167171564671
867.0,-54.20521108046666
867.25,-55.22864812938322
867.5,-55.76828610567029
867.75,-49.16441560185481
868.0,-55.92763110883006
868.25,-56.86832077216783
868.5,-42.1460219690586
868.75,-46.953871258878316
869.0,-64.54040382150197
869.25,-53.206360845353835
869.5,-52.96924926204088
869.75,-49.89913265044048
870.0,-53.25921692173546
870.25,-58.4340410128962
870.5,-51.78575157880095
870.75,-65.87141645995298
871.0,-56.789812027822016
871.25,-50.111816284794244
871.5,-43.282083214897476
871.75,-57.1589041194411
872.0,-51.6624027410831
872.25,-59.65631682042146
872.5,-54.4144244227154
872.75,-47.7609209865725
873.0,-46.57706322771161
873.25,-48.0325654110922
873.5,-48.929197602407704
873.75,-53.43119802928546
874.0,-54.444349005904776
874.25,-55.12544373497264
874.5,-49.19511629556993
874.75,-53.80582160010314
875.0,-56.75437315920537
875.25,-57.354989478049994
875.5,-51.73773626779929
875.75,-52.26997571688759
876.0,-54.83326698599177
876.25,-46.28833212316578
876.5,-56.185743164888095
876.75,-52.75731669253036
877.0,-56.26234850989328
877.25,-55.93107974004161
877.5,-46.43373009280827
877.75,-50.031515853954815
878.0,-53.63713211119541
878.25,-62.58748254349564
878.5,-52.3912789000705
878.75,-61.434880564478796
879.0,-54.68845690951668
879.25,-51.76550227395686
879.5,-46.857715897936465
879.75,-50.49695040310895
880.0,-55.673107489092374
880.25,-61.01185063845202
880.5,-54.43284586389195
880.75,-53.46657337386225
881.0,-58.174690670437435
881.25,-49.26674792020712
881.5,-58.49497260701585
881.75,-49.54938419607688
882.0,-47.85013641163014
882.25,-50.614672715829855
882.5,-52.5499417150219
882.75,-52.98223001926838
883.0,-49.094430647064456
883.25,-57.489003916408116
883.5,-56.546203478598414
883.75,-56.29477863490997
884.0,-55.03485925362174
884.25,-57.28793069251832
884.5,-49.15391654536116
884.75,-45.49582538775967
885.0,-47.01287784702143
885.25,-53.808643124726764
885.5,-48.71198038627282
885.75,-55.69017089546279
886.0,-55.69053334692225
886.25,-60.26481522270611
886.5,-50.13039039816215
886.75,-49.943159094340714
887.0,-43.20183261956818
887.25,-44.17287678574922
887.5,-49.43329529870175
887.75,-58.25802595520199
888.0,-52.37989407421973
888.25,-50.870461939284546
888.5,-53.899485577565486
888.75,-51.8361673807492
889.0,-53.66027754588578
889.25,-52.112460594122254
889.5,-62.30660060039421
889.75,-52.05558564816756
890.0,-53.31109196206453
890.25,-52.00750567584431
890.5,-53.53176024864598
890.75,-53.61688323272838
891.0,-53.49225709203621
891.25,-50.05457715722645
891.5,-44.41530005559615
891.75,-46.70734523417469
892.0,-60.4013927568297
892.25,-51.594531980563985
892.5,-49.62594857601819
892.75,-50.39706743861243
893.0,-53.544576441405766
893.25,-53.80820227727747
893.5,-51.898175930332485
893.75,-56.3434549871165
894.0,-61.40591991799292
894.25,-46.353499011366495
894.5,-60.07640241235087
894.75,-60.4974071669682
895.0,-48.233726798057276
895.25,-46.78106304865879
895.5,-49.693943640863175
895.75,-55.630308530731625
896.0,-47.21299009170232
896.25,-49.28324950435903
896.5,-60.02421033497791
896.75,-60.9457841767968
897.0,-51.62553417165355
897.25,-55.46927527438499
897.5,-49.07460676768065
897.75,-54.85743178910682
898.0,-59.769318053425145
898.25,-56.225070386803075
898.5,-49.920210158571216
898.75,-54.95719879524189
899.0,-54.681529016086614
899.25,-53.12893320366076
899.5,-52.01313155533753
899.75,-51.34344830294572
