order_id,product_id,quantity,order_date
10001,7777,4,2024-01-01 00:00:00
10002,354,4,2024-01-01 01:00:00
10003,289,5,2024-01-01 02:00:00
10004,732,5,2024-01-01 03:00:00
10005,114,1,2024-01-01 04:00:00
10006,695,2,2024-01-01 05:00:00
10007,7777,5,2024-01-01 06:00:00
10008,559,5,2024-01-01 07:00:00
10009,634,4,2024-01-01 08:00:00
10010,602,3,2024-01-01 09:00:00
10011,332,4,2024-01-01 10:00:00
10012,657,1,2024-01-01 11:00:00
10013,438,5,2024-01-01 12:00:00
10014,534,4,2024-01-01 13:00:00
10015,520,2,2024-01-01 14:00:00
10016,275,1,2024-01-01 15:00:00
10017,109,2,2024-01-01 16:00:00
10018,454,2,2024-01-01 17:00:00
10019,267,3,2024-01-01 18:00:00
10020,635,5,2024-01-01 19:00:00
10021,523,1,2024-01-01 20:00:00
10022,431,4,2024-01-01 21:00:00
10023,566,2,2024-01-01 22:00:00
10024,617,2,2024-01-01 23:00:00
10025,532,4,2024-01-02 00:00:00
10026,1055,5,2024-01-02 01:00:00
10027,256,4,2024-01-02 02:00:00
10028,421,1,2024-01-02 03:00:00
10029,335,4,2024-01-02 04:00:00
10030,155,4,2024-01-02 05:00:00
10031,892,4,2024-01-02 06:00:00
10032,1019,5,2024-01-02 07:00:00
10033,809,2,2024-01-02 08:00:00
10034,360,3,2024-01-02 09:00:00
10035,177,4,2024-01-02 10:00:00
10036,512,2,2024-01-02 11:00:00
10037,383,2,2024-01-02 12:00:00
10038,395,1,2024-01-02 13:00:00
10039,707,3,2024-01-02 14:00:00
10040,389,3,2024-01-02 15:00:00
10041,313,4,2024-01-02 16:00:00
10042,1013,3,2024-01-02 17:00:00
10043,392,4,2024-01-02 18:00:00
10044,1073,4,2024-01-02 19:00:00
10045,7777,5,2024-01-02 20:00:00
10046,7777,2,2024-01-02 21:00:00
10047,662,2,2024-01-02 22:00:00
10048,491,3,2024-01-02 23:00:00
10049,171,1,2024-01-03 00:00:00
10050,568,4,2024-01-03 01:00:00
10051,1037,2,2024-01-03 02:00:00
10052,197,4,2024-01-03 03:00:00
10053,291,1,2024-01-03 04:00:00
10054,7777,1,2024-01-03 05:00:00
10055,137,2,2024-01-03 06:00:00
10056,188,2,2024-01-03 07:00:00
10057,212,1,2024-01-03 08:00:00
10058,360,4,2024-01-03 09:00:00
10059,530,4,2024-01-03 10:00:00
10060,160,5,2024-01-03 11:00:00
10061,629,4,2024-01-03 12:00:00
10062,147,5,2024-01-03 13:00:00
10063,687,5,2024-01-03 14:00:00
10064,636,2,2024-01-03 15:00:00
10065,653,4,2024-01-03 16:00:00
10066,292,1,2024-01-03 17:00:00
10067,296,5,2024-01-03 18:00:00
10068,548,3,2024-01-03 19:00:00
10069,571,3,2024-01-03 20:00:00
10070,400,5,2024-01-03 21:00:00
10071,373,2,2024-01-03 22:00:00
10072,984,5,2024-01-03 23:00:00
10073,494,2,2024-01-04 00:00:00
10074,1052,2,2024-01-04 01:00:00
10075,691,2,2024-01-04 02:00:00
10076,734,5,2024-01-04 03:00:00
10077,445,5,2024-01-04 04:00:00
10078,887,2,2024-01-04 05:00:00
10079,813,4,2024-01-04 06:00:00
10080,737,1,2024-01-04 07:00:00
10081,445,1,2024-01-04 08:00:00
10082,164,1,2024-01-04 09:00:00
10083,580,3,2024-01-04 10:00:00
10084,638,1,2024-01-04 11:00:00
10085,685,3,2024-01-04 12:00:00
10086,847,5,2024-01-04 13:00:00
10087,125,2,2024-01-04 14:00:00
10088,214,3,2024-01-04 15:00:00
10089,862,1,2024-01-04 16:00:00
10090,199,3,2024-01-04 17:00:00
10091,381,3,2024-01-04 18:00:00
10092,9999,5,2024-01-04 19:00:00
10093,481,4,2024-01-04 20:00:00
10094,666,3,2024-01-04 21:00:00
10095,182,3,2024-01-04 22:00:00
10096,405,4,2024-01-04 23:00:00
10097,915,1,2024-01-05 00:00:00
10098,222,4,2024-01-05 01:00:00
10099,643,2,2024-01-05 02:00:00
10100,157,5,2024-01-05 03:00:00
10101,217,4,2024-01-05 04:00:00
10102,724,3,2024-01-05 05:00:00
10103,617,2,2024-01-05 06:00:00
10104,581,3,2024-01-05 07:00:00
10105,142,4,2024-01-05 08:00:00
10106,729,3,2024-01-05 09:00:00
10107,1054,1,2024-01-05 10:00:00
10108,961,1,2024-01-05 11:00:00
10109,389,3,2024-01-05 12:00:00
10110,1035,4,2024-01-05 13:00:00
10111,561,5,2024-01-05 14:00:00
10112,915,5,2024-01-05 15:00:00
10113,9999,2,2024-01-05 16:00:00
10114,607,1,2024-01-05 17:00:00
10115,975,1,2024-01-05 18:00:00
10116,1083,4,2024-01-05 19:00:00
10117,633,1,2024-01-05 20:00:00
10118,851,4,2024-01-05 21:00:00
10119,9999,5,2024-01-05 22:00:00
10120,7777,1,2024-01-05 23:00:00
10121,359,4,2024-01-06 00:00:00
10122,782,2,2024-01-06 01:00:00
10123,312,3,2024-01-06 02:00:00
10124,678,4,2024-01-06 03:00:00
10125,697,2,2024-01-06 04:00:00
10126,893,3,2024-01-06 05:00:00
10127,866,4,2024-01-06 06:00:00
10128,504,2,2024-01-06 07:00:00
10129,670,2,2024-01-06 08:00:00
10130,105,5,2024-01-06 09:00:00
10131,816,3,2024-01-06 10:00:00
10132,471,5,2024-01-06 11:00:00
10133,886,4,2024-01-06 12:00:00
10134,575,1,2024-01-06 13:00:00
10135,411,4,2024-01-06 14:00:00
10136,905,2,2024-01-06 15:00:00
10137,937,3,2024-01-06 16:00:00
10138,330,5,2024-01-06 17:00:00
10139,1080,4,2024-01-06 18:00:00
10140,384,5,2024-01-06 19:00:00
10141,847,3,2024-01-06 20:00:00
10142,953,2,2024-01-06 21:00:00
10143,210,4,2024-01-06 22:00:00
10144,538,2,2024-01-06 23:00:00
10145,827,4,2024-01-07 00:00:00
10146,186,5,2024-01-07 01:00:00
10147,135,4,2024-01-07 02:00:00
10148,755,1,2024-01-07 03:00:00
10149,1077,5,2024-01-07 04:00:00
10150,492,1,2024-01-07 05:00:00
10151,816,2,2024-01-07 06:00:00
10152,846,2,2024-01-07 07:00:00
10153,213,5,2024-01-07 08:00:00
10154,447,1,2024-01-07 09:00:00
10155,610,3,2024-01-07 10:00:00
10156,912,1,2024-01-07 11:00:00
10157,271,5,2024-01-07 12:00:00
10158,735,5,2024-01-07 13:00:00
10159,969,3,2024-01-07 14:00:00
10160,1004,1,2024-01-07 15:00:00
10161,428,5,2024-01-07 16:00:00
10162,636,5,2024-01-07 17:00:00
10163,545,2,2024-01-07 18:00:00
10164,135,2,2024-01-07 19:00:00
10165,624,2,2024-01-07 20:00:00
10166,458,3,2024-01-07 21:00:00
10167,990,1,2024-01-07 22:00:00
10168,642,4,2024-01-07 23:00:00
10169,130,3,2024-01-08 00:00:00
10170,1007,1,2024-01-08 01:00:00
10171,1038,5,2024-01-08 02:00:00
10172,581,3,2024-01-08 03:00:00
10173,801,3,2024-01-08 04:00:00
10174,553,1,2024-01-08 05:00:00
10175,676,3,2024-01-08 06:00:00
10176,922,2,2024-01-08 07:00:00
10177,260,4,2024-01-08 08:00:00
10178,674,2,2024-01-08 09:00:00
10179,658,4,2024-01-08 10:00:00
10180,122,1,2024-01-08 11:00:00
10181,834,5,2024-01-08 12:00:00
10182,681,2,2024-01-08 13:00:00
10183,1060,3,2024-01-08 14:00:00
10184,290,3,2024-01-08 15:00:00
10185,513,4,2024-01-08 16:00:00
10186,633,3,2024-01-08 17:00:00
10187,183,3,2024-01-08 18:00:00
10188,492,3,2024-01-08 19:00:00
10189,382,2,2024-01-08 20:00:00
10190,203,3,2024-01-08 21:00:00
10191,515,5,2024-01-08 22:00:00
10192,110,5,2024-01-08 23:00:00
10193,748,5,2024-01-09 00:00:00
10194,901,3,2024-01-09 01:00:00
10195,691,3,2024-01-09 02:00:00
10196,891,4,2024-01-09 03:00:00
10197,217,2,2024-01-09 04:00:00
10198,1006,5,2024-01-09 05:00:00
10199,488,3,2024-01-09 06:00:00
10200,377,3,2024-01-09 07:00:00
10201,887,3,2024-01-09 08:00:00
10202,177,2,2024-01-09 09:00:00
10203,546,4,2024-01-09 10:00:00
10204,950,3,2024-01-09 11:00:00
10205,433,3,2024-01-09 12:00:00
10206,552,1,2024-01-09 13:00:00
10207,624,4,2024-01-09 14:00:00
10208,146,1,2024-01-09 15:00:00
10209,399,1,2024-01-09 16:00:00
10210,7777,3,2024-01-09 17:00:00
10211,509,4,2024-01-09 18:00:00
10212,972,1,2024-01-09 19:00:00
10213,996,5,2024-01-09 20:00:00
10214,461,5,2024-01-09 21:00:00
10215,591,3,2024-01-09 22:00:00
10216,373,3,2024-01-09 23:00:00
10217,174,1,2024-01-10 00:00:00
10218,944,3,2024-01-10 01:00:00
10219,1022,4,2024-01-10 02:00:00
10220,386,2,2024-01-10 03:00:00
10221,360,1,2024-01-10 04:00:00
10222,466,1,2024-01-10 05:00:00
10223,654,2,2024-01-10 06:00:00
10224,183,5,2024-01-10 07:00:00
10225,373,2,2024-01-10 08:00:00
10226,455,4,2024-01-10 09:00:00
10227,654,2,2024-01-10 10:00:00
10228,1095,4,2024-01-10 11:00:00
10229,1032,5,2024-01-10 12:00:00
10230,365,5,2024-01-10 13:00:00
10231,1028,1,2024-01-10 14:00:00
10232,1070,2,2024-01-10 15:00:00
10233,995,5,2024-01-10 16:00:00
10234,783,5,2024-01-10 17:00:00
10235,237,1,2024-01-10 18:00:00
10236,762,3,2024-01-10 19:00:00
10237,256,2,2024-01-10 20:00:00
10238,652,3,2024-01-10 21:00:00
10239,1019,2,2024-01-10 22:00:00
10240,715,4,2024-01-10 23:00:00
10241,596,3,2024-01-11 00:00:00
10242,343,4,2024-01-11 01:00:00
10243,677,2,2024-01-11 02:00:00
10244,1090,2,2024-01-11 03:00:00
10245,8888,1,2024-01-11 04:00:00
10246,393,1,2024-01-11 05:00:00
10247,449,1,2024-01-11 06:00:00
10248,241,1,2024-01-11 07:00:00
10249,1097,2,2024-01-11 08:00:00
10250,456,2,2024-01-11 09:00:00
10251,670,4,2024-01-11 10:00:00
10252,533,2,2024-01-11 11:00:00
10253,944,1,2024-01-11 12:00:00
10254,103,4,2024-01-11 13:00:00
10255,387,2,2024-01-11 14:00:00
10256,377,5,2024-01-11 15:00:00
10257,517,4,2024-01-11 16:00:00
10258,431,5,2024-01-11 17:00:00
10259,8888,1,2024-01-11 18:00:00
10260,543,5,2024-01-11 19:00:00
10261,309,1,2024-01-11 20:00:00
10262,888,3,2024-01-11 21:00:00
10263,540,2,2024-01-11 22:00:00
10264,719,2,2024-01-11 23:00:00
10265,410,3,2024-01-12 00:00:00
10266,368,3,2024-01-12 01:00:00
10267,8888,1,2024-01-12 02:00:00
10268,571,2,2024-01-12 03:00:00
10269,802,2,2024-01-12 04:00:00
10270,1020,1,2024-01-12 05:00:00
10271,347,2,2024-01-12 06:00:00
10272,912,3,2024-01-12 07:00:00
10273,658,3,2024-01-12 08:00:00
10274,834,3,2024-01-12 09:00:00
10275,514,1,2024-01-12 10:00:00
10276,601,5,2024-01-12 11:00:00
10277,741,1,2024-01-12 12:00:00
10278,1035,5,2024-01-12 13:00:00
10279,384,5,2024-01-12 14:00:00
10280,1033,5,2024-01-12 15:00:00
10281,408,3,2024-01-12 16:00:00
10282,373,5,2024-01-12 17:00:00
10283,649,3,2024-01-12 18:00:00
10284,677,2,2024-01-12 19:00:00
10285,800,1,2024-01-12 20:00:00
10286,313,5,2024-01-12 21:00:00
10287,694,1,2024-01-12 22:00:00
10288,441,5,2024-01-12 23:00:00
10289,843,1,2024-01-13 00:00:00
10290,510,3,2024-01-13 01:00:00
10291,8888,3,2024-01-13 02:00:00
10292,759,4,2024-01-13 03:00:00
10293,838,1,2024-01-13 04:00:00
10294,1088,3,2024-01-13 05:00:00
10295,284,5,2024-01-13 06:00:00
10296,537,5,2024-01-13 07:00:00
10297,273,5,2024-01-13 08:00:00
10298,469,4,2024-01-13 09:00:00
10299,838,1,2024-01-13 10:00:00
10300,901,1,2024-01-13 11:00:00
10301,411,3,2024-01-13 12:00:00
10302,244,2,2024-01-13 13:00:00
10303,833,4,2024-01-13 14:00:00
10304,394,4,2024-01-13 15:00:00
10305,192,5,2024-01-13 16:00:00
10306,895,3,2024-01-13 17:00:00
10307,489,1,2024-01-13 18:00:00
10308,507,4,2024-01-13 19:00:00
10309,659,1,2024-01-13 20:00:00
10310,194,2,2024-01-13 21:00:00
10311,808,3,2024-01-13 22:00:00
10312,910,5,2024-01-13 23:00:00
10313,476,5,2024-01-14 00:00:00
10314,301,2,2024-01-14 01:00:00
10315,581,5,2024-01-14 02:00:00
10316,287,4,2024-01-14 03:00:00
10317,522,3,2024-01-14 04:00:00
10318,715,2,2024-01-14 05:00:00
10319,1085,5,2024-01-14 06:00:00
10320,740,5,2024-01-14 07:00:00
10321,264,5,2024-01-14 08:00:00
10322,816,3,2024-01-14 09:00:00
10323,1027,4,2024-01-14 10:00:00
10324,1067,5,2024-01-14 11:00:00
10325,581,4,2024-01-14 12:00:00
10326,821,1,2024-01-14 13:00:00
10327,587,3,2024-01-14 14:00:00
10328,1074,3,2024-01-14 15:00:00
10329,265,2,2024-01-14 16:00:00
10330,1007,4,2024-01-14 17:00:00
10331,253,5,2024-01-14 18:00:00
10332,102,2,2024-01-14 19:00:00
10333,769,4,2024-01-14 20:00:00
10334,265,3,2024-01-14 21:00:00
10335,744,4,2024-01-14 22:00:00
10336,969,4,2024-01-14 23:00:00
10337,389,1,2024-01-15 00:00:00
10338,480,4,2024-01-15 01:00:00
10339,408,1,2024-01-15 02:00:00
10340,835,1,2024-01-15 03:00:00
10341,474,1,2024-01-15 04:00:00
10342,602,1,2024-01-15 05:00:00
10343,125,5,2024-01-15 06:00:00
10344,558,4,2024-01-15 07:00:00
10345,314,4,2024-01-15 08:00:00
10346,487,3,2024-01-15 09:00:00
10347,1098,2,2024-01-15 10:00:00
10348,765,4,2024-01-15 11:00:00
10349,895,1,2024-01-15 12:00:00
10350,599,3,2024-01-15 13:00:00
10351,9999,5,2024-01-15 14:00:00
10352,555,3,2024-01-15 15:00:00
10353,845,5,2024-01-15 16:00:00
10354,544,4,2024-01-15 17:00:00
10355,653,4,2024-01-15 18:00:00
10356,388,1,2024-01-15 19:00:00
10357,1039,2,2024-01-15 20:00:00
10358,618,5,2024-01-15 21:00:00
10359,736,2,2024-01-15 22:00:00
10360,523,4,2024-01-15 23:00:00
10361,1002,2,2024-01-16 00:00:00
10362,302,2,2024-01-16 01:00:00
10363,449,4,2024-01-16 02:00:00
10364,739,2,2024-01-16 03:00:00
10365,224,1,2024-01-16 04:00:00
10366,1099,2,2024-01-16 05:00:00
10367,798,4,2024-01-16 06:00:00
10368,302,3,2024-01-16 07:00:00
10369,350,4,2024-01-16 08:00:00
10370,771,3,2024-01-16 09:00:00
10371,194,2,2024-01-16 10:00:00
10372,633,5,2024-01-16 11:00:00
10373,367,5,2024-01-16 12:00:00
10374,124,3,2024-01-16 13:00:00
10375,829,5,2024-01-16 14:00:00
10376,278,1,2024-01-16 15:00:00
10377,834,1,2024-01-16 16:00:00
10378,796,3,2024-01-16 17:00:00
10379,141,3,2024-01-16 18:00:00
10380,761,5,2024-01-16 19:00:00
10381,223,2,2024-01-16 20:00:00
10382,115,2,2024-01-16 21:00:00
10383,396,2,2024-01-16 22:00:00
10384,1033,3,2024-01-16 23:00:00
10385,271,5,2024-01-17 00:00:00
10386,384,5,2024-01-17 01:00:00
10387,1068,3,2024-01-17 02:00:00
10388,637,5,2024-01-17 03:00:00
10389,215,5,2024-01-17 04:00:00
10390,171,5,2024-01-17 05:00:00
10391,1083,2,2024-01-17 06:00:00
10392,396,3,2024-01-17 07:00:00
10393,9999,1,2024-01-17 08:00:00
10394,648,1,2024-01-17 09:00:00
10395,9999,2,2024-01-17 10:00:00
10396,1013,2,2024-01-17 11:00:00
10397,359,3,2024-01-17 12:00:00
10398,237,4,2024-01-17 13:00:00
10399,1002,1,2024-01-17 14:00:00
10400,9999,5,2024-01-17 15:00:00
10401,427,4,2024-01-17 16:00:00
10402,302,3,2024-01-17 17:00:00
10403,674,2,2024-01-17 18:00:00
10404,600,3,2024-01-17 19:00:00
10405,300,1,2024-01-17 20:00:00
10406,665,3,2024-01-17 21:00:00
10407,291,4,2024-01-17 22:00:00
10408,979,5,2024-01-17 23:00:00
10409,7777,2,2024-01-18 00:00:00
10410,1064,5,2024-01-18 01:00:00
10411,340,1,2024-01-18 02:00:00
10412,127,5,2024-01-18 03:00:00
10413,420,1,2024-01-18 04:00:00
10414,768,5,2024-01-18 05:00:00
10415,717,4,2024-01-18 06:00:00
10416,396,1,2024-01-18 07:00:00
10417,869,2,2024-01-18 08:00:00
10418,7777,1,2024-01-18 09:00:00
10419,697,4,2024-01-18 10:00:00
10420,569,5,2024-01-18 11:00:00
10421,767,1,2024-01-18 12:00:00
10422,452,1,2024-01-18 13:00:00
10423,177,5,2024-01-18 14:00:00
10424,420,4,2024-01-18 15:00:00
10425,653,4,2024-01-18 16:00:00
10426,1084,1,2024-01-18 17:00:00
10427,921,5,2024-01-18 18:00:00
10428,533,1,2024-01-18 19:00:00
10429,604,3,2024-01-18 20:00:00
10430,224,2,2024-01-18 21:00:00
10431,390,3,2024-01-18 22:00:00
10432,158,2,2024-01-18 23:00:00
10433,822,5,2024-01-19 00:00:00
10434,992,1,2024-01-19 01:00:00
10435,845,1,2024-01-19 02:00:00
10436,658,4,2024-01-19 03:00:00
10437,898,4,2024-01-19 04:00:00
10438,1011,2,2024-01-19 05:00:00
10439,1004,5,2024-01-19 06:00:00
10440,654,4,2024-01-19 07:00:00
10441,338,2,2024-01-19 08:00:00
10442,518,4,2024-01-19 09:00:00
10443,191,4,2024-01-19 10:00:00
10444,909,2,2024-01-19 11:00:00
10445,199,4,2024-01-19 12:00:00
10446,235,4,2024-01-19 13:00:00
10447,147,5,2024-01-19 14:00:00
10448,179,5,2024-01-19 15:00:00
10449,290,5,2024-01-19 16:00:00
10450,1069,1,2024-01-19 17:00:00
10451,828,3,2024-01-19 18:00:00
10452,428,2,2024-01-19 19:00:00
10453,638,2,2024-01-19 20:00:00
10454,1078,3,2024-01-19 21:00:00
10455,913,4,2024-01-19 22:00:00
10456,431,2,2024-01-19 23:00:00
10457,988,2,2024-01-20 00:00:00
10458,102,1,2024-01-20 01:00:00
10459,337,2,2024-01-20 02:00:00
10460,796,4,2024-01-20 03:00:00
10461,502,5,2024-01-20 04:00:00
10462,819,3,2024-01-20 05:00:00
10463,459,5,2024-01-20 06:00:00
10464,519,1,2024-01-20 07:00:00
10465,9999,2,2024-01-20 08:00:00
10466,1021,2,2024-01-20 09:00:00
10467,1067,3,2024-01-20 10:00:00
10468,347,4,2024-01-20 11:00:00
10469,334,4,2024-01-20 12:00:00
10470,793,1,2024-01-20 13:00:00
10471,163,5,2024-01-20 14:00:00
10472,1095,3,2024-01-20 15:00:00
10473,143,3,2024-01-20 16:00:00
10474,156,1,2024-01-20 17:00:00
10475,954,2,2024-01-20 18:00:00
10476,8888,5,2024-01-20 19:00:00
10477,126,5,2024-01-20 20:00:00
10478,959,3,2024-01-20 21:00:00
10479,1044,1,2024-01-20 22:00:00
10480,9999,3,2024-01-20 23:00:00
10481,670,5,2024-01-21 00:00:00
10482,1021,4,2024-01-21 01:00:00
10483,416,1,2024-01-21 02:00:00
10484,323,3,2024-01-21 03:00:00
10485,688,4,2024-01-21 04:00:00
10486,679,2,2024-01-21 05:00:00
10487,613,3,2024-01-21 06:00:00
10488,281,4,2024-01-21 07:00:00
10489,867,1,2024-01-21 08:00:00
10490,697,3,2024-01-21 09:00:00
10491,414,5,2024-01-21 10:00:00
10492,896,1,2024-01-21 11:00:00
10493,484,5,2024-01-21 12:00:00
10494,1056,2,2024-01-21 13:00:00
10495,354,1,2024-01-21 14:00:00
10496,562,3,2024-01-21 15:00:00
10497,917,2,2024-01-21 16:00:00
10498,502,4,2024-01-21 17:00:00
10499,157,3,2024-01-21 18:00:00
10500,768,4,2024-01-21 19:00:00
10501,176,5,2024-01-21 20:00:00
10502,973,5,2024-01-21 21:00:00
10503,280,5,2024-01-21 22:00:00
10504,950,5,2024-01-21 23:00:00
10505,722,2,2024-01-22 00:00:00
10506,697,4,2024-01-22 01:00:00
10507,902,3,2024-01-22 02:00:00
10508,7777,3,2024-01-22 03:00:00
10509,329,1,2024-01-22 04:00:00
10510,328,1,2024-01-22 05:00:00
10511,128,4,2024-01-22 06:00:00
10512,7777,3,2024-01-22 07:00:00
10513,409,3,2024-01-22 08:00:00
10514,115,4,2024-01-22 09:00:00
10515,525,3,2024-01-22 10:00:00
10516,411,4,2024-01-22 11:00:00
10517,124,3,2024-01-22 12:00:00
10518,947,1,2024-01-22 13:00:00
10519,792,3,2024-01-22 14:00:00
10520,824,3,2024-01-22 15:00:00
10521,170,3,2024-01-22 16:00:00
10522,531,4,2024-01-22 17:00:00
10523,804,1,2024-01-22 18:00:00
10524,838,5,2024-01-22 19:00:00
10525,810,4,2024-01-22 20:00:00
10526,133,1,2024-01-22 21:00:00
10527,657,3,2024-01-22 22:00:00
10528,623,2,2024-01-22 23:00:00
10529,1021,4,2024-01-23 00:00:00
10530,7777,3,2024-01-23 01:00:00
10531,107,5,2024-01-23 02:00:00
10532,255,1,2024-01-23 03:00:00
10533,370,3,2024-01-23 04:00:00
10534,768,4,2024-01-23 05:00:00
10535,1086,3,2024-01-23 06:00:00
10536,266,2,2024-01-23 07:00:00
10537,649,4,2024-01-23 08:00:00
10538,898,3,2024-01-23 09:00:00
10539,862,1,2024-01-23 10:00:00
10540,955,4,2024-01-23 11:00:00
10541,590,3,2024-01-23 12:00:00
10542,192,3,2024-01-23 13:00:00
10543,395,3,2024-01-23 14:00:00
10544,713,2,2024-01-23 15:00:00
10545,374,1,2024-01-23 16:00:00
10546,765,5,2024-01-23 17:00:00
10547,895,4,2024-01-23 18:00:00
10548,330,2,2024-01-23 19:00:00
10549,714,1,2024-01-23 20:00:00
10550,1051,1,2024-01-23 21:00:00
10551,261,1,2024-01-23 22:00:00
10552,229,5,2024-01-23 23:00:00
10553,475,3,2024-01-24 00:00:00
10554,184,1,2024-01-24 01:00:00
10555,732,3,2024-01-24 02:00:00
10556,138,1,2024-01-24 03:00:00
10557,769,2,2024-01-24 04:00:00
10558,455,4,2024-01-24 05:00:00
10559,965,2,2024-01-24 06:00:00
10560,924,3,2024-01-24 07:00:00
10561,1029,2,2024-01-24 08:00:00
10562,673,5,2024-01-24 09:00:00
10563,733,1,2024-01-24 10:00:00
10564,695,3,2024-01-24 11:00:00
10565,849,1,2024-01-24 12:00:00
10566,1016,1,2024-01-24 13:00:00
10567,1028,3,2024-01-24 14:00:00
10568,574,2,2024-01-24 15:00:00
10569,1046,2,2024-01-24 16:00:00
10570,171,3,2024-01-24 17:00:00
10571,902,2,2024-01-24 18:00:00
10572,267,2,2024-01-24 19:00:00
10573,381,3,2024-01-24 20:00:00
10574,686,5,2024-01-24 21:00:00
10575,977,3,2024-01-24 22:00:00
10576,472,4,2024-01-24 23:00:00
10577,211,1,2024-01-25 00:00:00
10578,282,5,2024-01-25 01:00:00
10579,384,4,2024-01-25 02:00:00
10580,882,5,2024-01-25 03:00:00
10581,690,2,2024-01-25 04:00:00
10582,692,1,2024-01-25 05:00:00
10583,1078,2,2024-01-25 06:00:00
10584,548,5,2024-01-25 07:00:00
10585,300,3,2024-01-25 08:00:00
10586,218,5,2024-01-25 09:00:00
10587,9999,1,2024-01-25 10:00:00
10588,973,2,2024-01-25 11:00:00
10589,1084,3,2024-01-25 12:00:00
10590,389,1,2024-01-25 13:00:00
10591,585,3,2024-01-25 14:00:00
10592,631,1,2024-01-25 15:00:00
10593,814,1,2024-01-25 16:00:00
10594,1011,1,2024-01-25 17:00:00
10595,776,1,2024-01-25 18:00:00
10596,601,1,2024-01-25 19:00:00
10597,615,4,2024-01-25 20:00:00
10598,181,2,2024-01-25 21:00:00
10599,741,3,2024-01-25 22:00:00
10600,192,1,2024-01-25 23:00:00
10601,146,1,2024-01-26 00:00:00
10602,1010,4,2024-01-26 01:00:00
10603,403,2,2024-01-26 02:00:00
10604,130,5,2024-01-26 03:00:00
10605,408,3,2024-01-26 04:00:00
10606,982,2,2024-01-26 05:00:00
10607,694,3,2024-01-26 06:00:00
10608,765,2,2024-01-26 07:00:00
10609,517,5,2024-01-26 08:00:00
10610,519,2,2024-01-26 09:00:00
10611,427,2,2024-01-26 10:00:00
10612,161,4,2024-01-26 11:00:00
10613,380,2,2024-01-26 12:00:00
10614,698,1,2024-01-26 13:00:00
10615,544,4,2024-01-26 14:00:00
10616,172,3,2024-01-26 15:00:00
10617,254,1,2024-01-26 16:00:00
10618,436,4,2024-01-26 17:00:00
10619,889,4,2024-01-26 18:00:00
10620,774,4,2024-01-26 19:00:00
10621,891,1,2024-01-26 20:00:00
10622,361,1,2024-01-26 21:00:00
10623,310,1,2024-01-26 22:00:00
10624,591,4,2024-01-26 23:00:00
10625,599,3,2024-01-27 00:00:00
10626,657,2,2024-01-27 01:00:00
10627,973,4,2024-01-27 02:00:00
10628,189,4,2024-01-27 03:00:00
10629,469,2,2024-01-27 04:00:00
10630,226,5,2024-01-27 05:00:00
10631,254,1,2024-01-27 06:00:00
10632,975,2,2024-01-27 07:00:00
10633,1030,4,2024-01-27 08:00:00
10634,562,4,2024-01-27 09:00:00
10635,350,1,2024-01-27 10:00:00
10636,596,1,2024-01-27 11:00:00
10637,221,2,2024-01-27 12:00:00
10638,747,3,2024-01-27 13:00:00
10639,239,1,2024-01-27 14:00:00
10640,397,3,2024-01-27 15:00:00
10641,513,1,2024-01-27 16:00:00
10642,535,2,2024-01-27 17:00:00
10643,924,3,2024-01-27 18:00:00
10644,745,3,2024-01-27 19:00:00
10645,8888,3,2024-01-27 20:00:00
10646,979,1,2024-01-27 21:00:00
10647,359,4,2024-01-27 22:00:00
10648,963,5,2024-01-27 23:00:00
10649,816,5,2024-01-28 00:00:00
10650,158,3,2024-01-28 01:00:00
10651,319,3,2024-01-28 02:00:00
10652,804,2,2024-01-28 03:00:00
10653,1091,3,2024-01-28 04:00:00
10654,577,5,2024-01-28 05:00:00
10655,965,1,2024-01-28 06:00:00
10656,622,4,2024-01-28 07:00:00
10657,863,2,2024-01-28 08:00:00
10658,398,4,2024-01-28 09:00:00
10659,508,2,2024-01-28 10:00:00
10660,179,2,2024-01-28 11:00:00
10661,8888,4,2024-01-28 12:00:00
10662,851,2,2024-01-28 13:00:00
10663,867,3,2024-01-28 14:00:00
10664,623,2,2024-01-28 15:00:00
10665,234,2,2024-01-28 16:00:00
10666,284,4,2024-01-28 17:00:00
10667,676,2,2024-01-28 18:00:00
10668,696,1,2024-01-28 19:00:00
10669,574,4,2024-01-28 20:00:00
10670,456,5,2024-01-28 21:00:00
10671,369,3,2024-01-28 22:00:00
10672,7777,1,2024-01-28 23:00:00
10673,891,4,2024-01-29 00:00:00
10674,9999,3,2024-01-29 01:00:00
10675,570,1,2024-01-29 02:00:00
10676,131,5,2024-01-29 03:00:00
10677,1089,4,2024-01-29 04:00:00
10678,133,5,2024-01-29 05:00:00
10679,763,1,2024-01-29 06:00:00
10680,845,1,2024-01-29 07:00:00
10681,328,3,2024-01-29 08:00:00
10682,1074,5,2024-01-29 09:00:00
10683,843,3,2024-01-29 10:00:00
10684,1005,4,2024-01-29 11:00:00
10685,249,2,2024-01-29 12:00:00
10686,9999,1,2024-01-29 13:00:00
10687,979,5,2024-01-29 14:00:00
10688,173,3,2024-01-29 15:00:00
10689,356,4,2024-01-29 16:00:00
10690,798,1,2024-01-29 17:00:00
10691,551,5,2024-01-29 18:00:00
10692,1055,5,2024-01-29 19:00:00
10693,156,4,2024-01-29 20:00:00
10694,407,2,2024-01-29 21:00:00
10695,891,5,2024-01-29 22:00:00
10696,196,5,2024-01-29 23:00:00
10697,1017,4,2024-01-30 00:00:00
10698,543,2,2024-01-30 01:00:00
10699,938,1,2024-01-30 02:00:00
10700,9999,2,2024-01-30 03:00:00
10701,843,1,2024-01-30 04:00:00
10702,333,5,2024-01-30 05:00:00
10703,384,2,2024-01-30 06:00:00
10704,818,5,2024-01-30 07:00:00
10705,1014,3,2024-01-30 08:00:00
10706,216,5,2024-01-30 09:00:00
10707,949,1,2024-01-30 10:00:00
10708,733,1,2024-01-30 11:00:00
10709,1094,3,2024-01-30 12:00:00
10710,191,4,2024-01-30 13:00:00
10711,524,4,2024-01-30 14:00:00
10712,695,4,2024-01-30 15:00:00
10713,757,5,2024-01-30 16:00:00
10714,267,2,2024-01-30 17:00:00
10715,806,3,2024-01-30 18:00:00
10716,915,2,2024-01-30 19:00:00
10717,965,5,2024-01-30 20:00:00
10718,222,4,2024-01-30 21:00:00
10719,124,3,2024-01-30 22:00:00
10720,493,1,2024-01-30 23:00:00
10721,208,5,2024-01-31 00:00:00
10722,1082,2,2024-01-31 01:00:00
10723,562,4,2024-01-31 02:00:00
10724,119,5,2024-01-31 03:00:00
10725,1068,4,2024-01-31 04:00:00
10726,480,2,2024-01-31 05:00:00
10727,8888,1,2024-01-31 06:00:00
10728,1037,2,2024-01-31 07:00:00
10729,563,2,2024-01-31 08:00:00
10730,230,4,2024-01-31 09:00:00
10731,869,4,2024-01-31 10:00:00
10732,449,4,2024-01-31 11:00:00
10733,854,1,2024-01-31 12:00:00
10734,164,2,2024-01-31 13:00:00
10735,508,3,2024-01-31 14:00:00
10736,585,5,2024-01-31 15:00:00
10737,363,5,2024-01-31 16:00:00
10738,881,2,2024-01-31 17:00:00
10739,9999,2,2024-01-31 18:00:00
10740,127,4,2024-01-31 19:00:00
10741,1092,4,2024-01-31 20:00:00
10742,536,2,2024-01-31 21:00:00
10743,886,5,2024-01-31 22:00:00
10744,1080,4,2024-01-31 23:00:00
10745,1035,3,2024-02-01 00:00:00
10746,931,5,2024-02-01 01:00:00
10747,228,4,2024-02-01 02:00:00
10748,968,5,2024-02-01 03:00:00
10749,761,5,2024-02-01 04:00:00
10750,100,2,2024-02-01 05:00:00
10751,626,2,2024-02-01 06:00:00
10752,476,2,2024-02-01 07:00:00
10753,9999,5,2024-02-01 08:00:00
10754,883,4,2024-02-01 09:00:00
10755,703,1,2024-02-01 10:00:00
10756,701,5,2024-02-01 11:00:00
10757,307,1,2024-02-01 12:00:00
10758,637,4,2024-02-01 13:00:00
10759,836,2,2024-02-01 14:00:00
10760,1090,4,2024-02-01 15:00:00
10761,877,4,2024-02-01 16:00:00
10762,1075,1,2024-02-01 17:00:00
10763,642,5,2024-02-01 18:00:00
10764,277,3,2024-02-01 19:00:00
10765,282,1,2024-02-01 20:00:00
10766,928,1,2024-02-01 21:00:00
10767,702,1,2024-02-01 22:00:00
10768,662,3,2024-02-01 23:00:00
10769,1071,2,2024-02-02 00:00:00
10770,479,4,2024-02-02 01:00:00
10771,112,1,2024-02-02 02:00:00
10772,773,2,2024-02-02 03:00:00
10773,828,3,2024-02-02 04:00:00
10774,430,5,2024-02-02 05:00:00
10775,438,3,2024-02-02 06:00:00
10776,1026,3,2024-02-02 07:00:00
10777,631,4,2024-02-02 08:00:00
10778,934,1,2024-02-02 09:00:00
10779,980,2,2024-02-02 10:00:00
10780,376,4,2024-02-02 11:00:00
10781,207,3,2024-02-02 12:00:00
10782,148,2,2024-02-02 13:00:00
10783,842,2,2024-02-02 14:00:00
10784,704,5,2024-02-02 15:00:00
10785,1024,1,2024-02-02 16:00:00
10786,119,5,2024-02-02 17:00:00
10787,313,5,2024-02-02 18:00:00
10788,101,1,2024-02-02 19:00:00
10789,671,5,2024-02-02 20:00:00
10790,880,1,2024-02-02 21:00:00
10791,206,1,2024-02-02 22:00:00
10792,450,5,2024-02-02 23:00:00
10793,707,5,2024-02-03 00:00:00
10794,526,1,2024-02-03 01:00:00
10795,772,1,2024-02-03 02:00:00
10796,174,3,2024-02-03 03:00:00
10797,396,1,2024-02-03 04:00:00
10798,965,4,2024-02-03 05:00:00
10799,422,1,2024-02-03 06:00:00
10800,879,4,2024-02-03 07:00:00
10801,838,3,2024-02-03 08:00:00
10802,753,3,2024-02-03 09:00:00
10803,301,3,2024-02-03 10:00:00
10804,991,5,2024-02-03 11:00:00
10805,481,5,2024-02-03 12:00:00
10806,183,2,2024-02-03 13:00:00
10807,328,4,2024-02-03 14:00:00
10808,339,3,2024-02-03 15:00:00
10809,759,5,2024-02-03 16:00:00
10810,506,4,2024-02-03 17:00:00
10811,9999,3,2024-02-03 18:00:00
10812,524,1,2024-02-03 19:00:00
10813,1080,5,2024-02-03 20:00:00
10814,1047,2,2024-02-03 21:00:00
10815,750,5,2024-02-03 22:00:00
10816,804,3,2024-02-03 23:00:00
10817,9999,5,2024-02-04 00:00:00
10818,753,5,2024-02-04 01:00:00
10819,9999,4,2024-02-04 02:00:00
10820,649,1,2024-02-04 03:00:00
10821,459,1,2024-02-04 04:00:00
10822,509,5,2024-02-04 05:00:00
10823,104,3,2024-02-04 06:00:00
10824,630,1,2024-02-04 07:00:00
10825,233,4,2024-02-04 08:00:00
10826,1018,1,2024-02-04 09:00:00
10827,304,3,2024-02-04 10:00:00
10828,9999,1,2024-02-04 11:00:00
10829,110,4,2024-02-04 12:00:00
10830,311,3,2024-02-04 13:00:00
10831,540,3,2024-02-04 14:00:00
10832,536,3,2024-02-04 15:00:00
10833,518,5,2024-02-04 16:00:00
10834,283,2,2024-02-04 17:00:00
10835,388,4,2024-02-04 18:00:00
10836,276,1,2024-02-04 19:00:00
10837,476,4,2024-02-04 20:00:00
10838,885,2,2024-02-04 21:00:00
10839,1097,4,2024-02-04 22:00:00
10840,205,1,2024-02-04 23:00:00
10841,531,1,2024-02-05 00:00:00
10842,337,1,2024-02-05 01:00:00
10843,539,1,2024-02-05 02:00:00
10844,469,1,2024-02-05 03:00:00
10845,1052,3,2024-02-05 04:00:00
10846,112,1,2024-02-05 05:00:00
10847,991,4,2024-02-05 06:00:00
10848,221,4,2024-02-05 07:00:00
10849,716,3,2024-02-05 08:00:00
10850,127,5,2024-02-05 09:00:00
10851,777,1,2024-02-05 10:00:00
10852,435,1,2024-02-05 11:00:00
10853,1075,1,2024-02-05 12:00:00
10854,433,3,2024-02-05 13:00:00
10855,1056,4,2024-02-05 14:00:00
10856,109,4,2024-02-05 15:00:00
10857,1092,1,2024-02-05 16:00:00
10858,1006,2,2024-02-05 17:00:00
10859,1061,3,2024-02-05 18:00:00
10860,9999,1,2024-02-05 19:00:00
10861,873,3,2024-02-05 20:00:00
10862,477,3,2024-02-05 21:00:00
10863,778,5,2024-02-05 22:00:00
10864,382,3,2024-02-05 23:00:00
10865,1061,2,2024-02-06 00:00:00
10866,131,5,2024-02-06 01:00:00
10867,133,3,2024-02-06 02:00:00
10868,686,5,2024-02-06 03:00:00
10869,462,5,2024-02-06 04:00:00
10870,206,5,2024-02-06 05:00:00
10871,101,2,2024-02-06 06:00:00
10872,393,5,2024-02-06 07:00:00
10873,1027,3,2024-02-06 08:00:00
10874,551,4,2024-02-06 09:00:00
10875,783,3,2024-02-06 10:00:00
10876,377,4,2024-02-06 11:00:00
10877,1087,2,2024-02-06 12:00:00
10878,577,2,2024-02-06 13:00:00
10879,461,2,2024-02-06 14:00:00
10880,663,1,2024-02-06 15:00:00
10881,986,4,2024-02-06 16:00:00
10882,710,4,2024-02-06 17:00:00
10883,760,1,2024-02-06 18:00:00
10884,586,2,2024-02-06 19:00:00
10885,801,3,2024-02-06 20:00:00
10886,944,3,2024-02-06 21:00:00
10887,904,4,2024-02-06 22:00:00
10888,670,2,2024-02-06 23:00:00
10889,177,3,2024-02-07 00:00:00
10890,987,2,2024-02-07 01:00:00
10891,655,3,2024-02-07 02:00:00
10892,815,5,2024-02-07 03:00:00
10893,455,2,2024-02-07 04:00:00
10894,228,2,2024-02-07 05:00:00
10895,710,4,2024-02-07 06:00:00
10896,292,4,2024-02-07 07:00:00
10897,1003,4,2024-02-07 08:00:00
10898,228,1,2024-02-07 09:00:00
10899,969,5,2024-02-07 10:00:00
10900,9999,1,2024-02-07 11:00:00
10901,317,1,2024-02-07 12:00:00
10902,290,5,2024-02-07 13:00:00
10903,873,5,2024-02-07 14:00:00
10904,455,3,2024-02-07 15:00:00
10905,551,2,2024-02-07 16:00:00
10906,326,2,2024-02-07 17:00:00
10907,960,2,2024-02-07 18:00:00
10908,1009,4,2024-02-07 19:00:00
10909,1094,5,2024-02-07 20:00:00
10910,267,1,2024-02-07 21:00:00
10911,1086,5,2024-02-07 22:00:00
10912,721,5,2024-02-07 23:00:00
10913,7777,2,2024-02-08 00:00:00
10914,9999,5,2024-02-08 01:00:00
10915,1016,2,2024-02-08 02:00:00
10916,996,3,2024-02-08 03:00:00
10917,427,1,2024-02-08 04:00:00
10918,1019,5,2024-02-08 05:00:00
10919,275,2,2024-02-08 06:00:00
10920,583,4,2024-02-08 07:00:00
10921,763,3,2024-02-08 08:00:00
10922,445,4,2024-02-08 09:00:00
10923,722,1,2024-02-08 10:00:00
10924,983,1,2024-02-08 11:00:00
10925,927,5,2024-02-08 12:00:00
10926,584,1,2024-02-08 13:00:00
10927,446,1,2024-02-08 14:00:00
10928,658,3,2024-02-08 15:00:00
10929,808,1,2024-02-08 16:00:00
10930,7777,4,2024-02-08 17:00:00
10931,909,1,2024-02-08 18:00:00
10932,873,2,2024-02-08 19:00:00
10933,261,5,2024-02-08 20:00:00
10934,488,1,2024-02-08 21:00:00
10935,983,4,2024-02-08 22:00:00
10936,302,3,2024-02-08 23:00:00
10937,187,4,2024-02-09 00:00:00
10938,355,5,2024-02-09 01:00:00
10939,484,4,2024-02-09 02:00:00
10940,987,4,2024-02-09 03:00:00
10941,782,4,2024-02-09 04:00:00
10942,568,5,2024-02-09 05:00:00
10943,1081,1,2024-02-09 06:00:00
10944,609,3,2024-02-09 07:00:00
10945,380,1,2024-02-09 08:00:00
10946,885,1,2024-02-09 09:00:00
10947,703,5,2024-02-09 10:00:00
10948,217,1,2024-02-09 11:00:00
10949,287,5,2024-02-09 12:00:00
10950,1024,2,2024-02-09 13:00:00
10951,306,1,2024-02-09 14:00:00
10952,1023,2,2024-02-09 15:00:00
10953,449,2,2024-02-09 16:00:00
10954,864,1,2024-02-09 17:00:00
10955,409,1,2024-02-09 18:00:00
10956,356,1,2024-02-09 19:00:00
10957,926,4,2024-02-09 20:00:00
10958,672,5,2024-02-09 21:00:00
10959,505,4,2024-02-09 22:00:00
10960,732,3,2024-02-09 23:00:00
10961,382,2,2024-02-10 00:00:00
10962,836,3,2024-02-10 01:00:00
10963,779,2,2024-02-10 02:00:00
10964,943,3,2024-02-10 03:00:00
10965,842,3,2024-02-10 04:00:00
10966,678,1,2024-02-10 05:00:00
10967,320,5,2024-02-10 06:00:00
10968,712,1,2024-02-10 07:00:00
10969,408,4,2024-02-10 08:00:00
10970,1053,2,2024-02-10 09:00:00
10971,634,3,2024-02-10 10:00:00
10972,668,1,2024-02-10 11:00:00
10973,216,3,2024-02-10 12:00:00
10974,761,3,2024-02-10 13:00:00
10975,293,3,2024-02-10 14:00:00
10976,268,5,2024-02-10 15:00:00
10977,861,1,2024-02-10 16:00:00
10978,930,2,2024-02-10 17:00:00
10979,275,4,2024-02-10 18:00:00
10980,231,2,2024-02-10 19:00:00
10981,560,4,2024-02-10 20:00:00
10982,929,4,2024-02-10 21:00:00
10983,652,1,2024-02-10 22:00:00
10984,775,2,2024-02-10 23:00:00
10985,533,5,2024-02-11 00:00:00
10986,482,4,2024-02-11 01:00:00
10987,410,1,2024-02-11 02:00:00
10988,876,1,2024-02-11 03:00:00
10989,1018,2,2024-02-11 04:00:00
10990,967,2,2024-02-11 05:00:00
10991,265,5,2024-02-11 06:00:00
10992,142,3,2024-02-11 07:00:00
10993,671,4,2024-02-11 08:00:00
10994,419,1,2024-02-11 09:00:00
10995,729,3,2024-02-11 10:00:00
10996,1018,2,2024-02-11 11:00:00
10997,1045,5,2024-02-11 12:00:00
10998,598,3,2024-02-11 13:00:00
10999,7777,2,2024-02-11 14:00:00
11000,578,4,2024-02-11 15:00:00
11001,690,3,2024-02-11 16:00:00
11002,426,3,2024-02-11 17:00:00
11003,570,1,2024-02-11 18:00:00
11004,175,1,2024-02-11 19:00:00
11005,211,3,2024-02-11 20:00:00
11006,681,3,2024-02-11 21:00:00
11007,1061,5,2024-02-11 22:00:00
11008,509,2,2024-02-11 23:00:00
11009,8888,1,2024-02-12 00:00:00
11010,888,4,2024-02-12 01:00:00
11011,456,5,2024-02-12 02:00:00
11012,994,4,2024-02-12 03:00:00
11013,587,1,2024-02-12 04:00:00
11014,383,4,2024-02-12 05:00:00
11015,728,5,2024-02-12 06:00:00
11016,135,1,2024-02-12 07:00:00
11017,545,4,2024-02-12 08:00:00
11018,439,2,2024-02-12 09:00:00
11019,1031,2,2024-02-12 10:00:00
11020,644,3,2024-02-12 11:00:00
11021,860,5,2024-02-12 12:00:00
11022,574,2,2024-02-12 13:00:00
11023,1065,1,2024-02-12 14:00:00
11024,155,5,2024-02-12 15:00:00
11025,127,5,2024-02-12 16:00:00
11026,655,1,2024-02-12 17:00:00
11027,612,5,2024-02-12 18:00:00
11028,104,5,2024-02-12 19:00:00
11029,842,5,2024-02-12 20:00:00
11030,728,1,2024-02-12 21:00:00
11031,253,2,2024-02-12 22:00:00
11032,298,1,2024-02-12 23:00:00
11033,759,2,2024-02-13 00:00:00
11034,757,3,2024-02-13 01:00:00
11035,715,4,2024-02-13 02:00:00
11036,137,2,2024-02-13 03:00:00
11037,527,1,2024-02-13 04:00:00
11038,832,5,2024-02-13 05:00:00
11039,785,3,2024-02-13 06:00:00
11040,331,2,2024-02-13 07:00:00
11041,268,5,2024-02-13 08:00:00
11042,529,1,2024-02-13 09:00:00
11043,186,4,2024-02-13 10:00:00
11044,9999,1,2024-02-13 11:00:00
11045,144,1,2024-02-13 12:00:00
11046,432,2,2024-02-13 13:00:00
11047,659,2,2024-02-13 14:00:00
11048,956,3,2024-02-13 15:00:00
11049,476,4,2024-02-13 16:00:00
11050,350,4,2024-02-13 17:00:00
11051,585,2,2024-02-13 18:00:00
11052,728,2,2024-02-13 19:00:00
11053,1029,3,2024-02-13 20:00:00
11054,7777,1,2024-02-13 21:00:00
11055,733,3,2024-02-13 22:00:00
11056,856,4,2024-02-13 23:00:00
11057,552,4,2024-02-14 00:00:00
11058,632,4,2024-02-14 01:00:00
11059,786,3,2024-02-14 02:00:00
11060,835,2,2024-02-14 03:00:00
11061,809,4,2024-02-14 04:00:00
11062,975,3,2024-02-14 05:00:00
11063,865,2,2024-02-14 06:00:00
11064,734,4,2024-02-14 07:00:00
11065,322,1,2024-02-14 08:00:00
11066,936,4,2024-02-14 09:00:00
11067,469,5,2024-02-14 10:00:00
11068,1053,2,2024-02-14 11:00:00
11069,408,1,2024-02-14 12:00:00
11070,447,4,2024-02-14 13:00:00
11071,1033,3,2024-02-14 14:00:00
11072,989,5,2024-02-14 15:00:00
11073,504,4,2024-02-14 16:00:00
11074,730,3,2024-02-14 17:00:00
11075,556,5,2024-02-14 18:00:00
11076,901,2,2024-02-14 19:00:00
11077,700,1,2024-02-14 20:00:00
11078,910,4,2024-02-14 21:00:00
11079,573,5,2024-02-14 22:00:00
11080,970,3,2024-02-14 23:00:00
11081,966,3,2024-02-15 00:00:00
11082,483,2,2024-02-15 01:00:00
11083,462,4,2024-02-15 02:00:00
11084,434,5,2024-02-15 03:00:00
11085,143,4,2024-02-15 04:00:00
11086,1009,2,2024-02-15 05:00:00
11087,674,1,2024-02-15 06:00:00
11088,780,1,2024-02-15 07:00:00
11089,388,5,2024-02-15 08:00:00
11090,534,1,2024-02-15 09:00:00
11091,411,5,2024-02-15 10:00:00
11092,8888,1,2024-02-15 11:00:00
11093,796,4,2024-02-15 12:00:00
11094,855,1,2024-02-15 13:00:00
11095,722,2,2024-02-15 14:00:00
11096,245,4,2024-02-15 15:00:00
11097,872,5,2024-02-15 16:00:00
11098,114,1,2024-02-15 17:00:00
11099,458,4,2024-02-15 18:00:00
11100,1080,1,2024-02-15 19:00:00
11101,372,4,2024-02-15 20:00:00
11102,448,5,2024-02-15 21:00:00
11103,721,3,2024-02-15 22:00:00
11104,301,5,2024-02-15 23:00:00
11105,374,1,2024-02-16 00:00:00
11106,821,1,2024-02-16 01:00:00
11107,113,4,2024-02-16 02:00:00
11108,7777,1,2024-02-16 03:00:00
11109,1022,5,2024-02-16 04:00:00
11110,697,3,2024-02-16 05:00:00
11111,390,1,2024-02-16 06:00:00
11112,379,2,2024-02-16 07:00:00
11113,676,2,2024-02-16 08:00:00
11114,612,2,2024-02-16 09:00:00
11115,259,2,2024-02-16 10:00:00
11116,326,3,2024-02-16 11:00:00
11117,975,2,2024-02-16 12:00:00
11118,389,3,2024-02-16 13:00:00
11119,783,3,2024-02-16 14:00:00
11120,685,4,2024-02-16 15:00:00
11121,408,3,2024-02-16 16:00:00
11122,634,2,2024-02-16 17:00:00
11123,745,2,2024-02-16 18:00:00
11124,448,1,2024-02-16 19:00:00
11125,351,4,2024-02-16 20:00:00
11126,305,3,2024-02-16 21:00:00
11127,114,5,2024-02-16 22:00:00
11128,280,3,2024-02-16 23:00:00
11129,1022,1,2024-02-17 00:00:00
11130,799,5,2024-02-17 01:00:00
11131,551,4,2024-02-17 02:00:00
11132,897,5,2024-02-17 03:00:00
11133,653,3,2024-02-17 04:00:00
11134,794,2,2024-02-17 05:00:00
11135,137,5,2024-02-17 06:00:00
11136,280,3,2024-02-17 07:00:00
11137,368,4,2024-02-17 08:00:00
11138,511,4,2024-02-17 09:00:00
11139,791,2,2024-02-17 10:00:00
11140,529,2,2024-02-17 11:00:00
11141,946,3,2024-02-17 12:00:00
11142,381,3,2024-02-17 13:00:00
11143,506,5,2024-02-17 14:00:00
11144,164,5,2024-02-17 15:00:00
11145,1063,5,2024-02-17 16:00:00
11146,113,2,2024-02-17 17:00:00
11147,831,5,2024-02-17 18:00:00
11148,754,4,2024-02-17 19:00:00
11149,629,3,2024-02-17 20:00:00
11150,1047,5,2024-02-17 21:00:00
11151,1046,2,2024-02-17 22:00:00
11152,944,2,2024-02-17 23:00:00
11153,156,2,2024-02-18 00:00:00
11154,842,5,2024-02-18 01:00:00
11155,711,2,2024-02-18 02:00:00
11156,473,2,2024-02-18 03:00:00
11157,821,4,2024-02-18 04:00:00
11158,238,5,2024-02-18 05:00:00
11159,7777,1,2024-02-18 06:00:00
11160,338,3,2024-02-18 07:00:00
11161,256,2,2024-02-18 08:00:00
11162,716,5,2024-02-18 09:00:00
11163,319,1,2024-02-18 10:00:00
11164,268,3,2024-02-18 11:00:00
11165,596,2,2024-02-18 12:00:00
11166,149,1,2024-02-18 13:00:00
11167,575,1,2024-02-18 14:00:00
11168,229,2,2024-02-18 15:00:00
11169,889,3,2024-02-18 16:00:00
11170,656,2,2024-02-18 17:00:00
11171,1043,5,2024-02-18 18:00:00
11172,497,5,2024-02-18 19:00:00
11173,8888,2,2024-02-18 20:00:00
11174,536,5,2024-02-18 21:00:00
11175,424,1,2024-02-18 22:00:00
11176,311,5,2024-02-18 23:00:00
11177,995,4,2024-02-19 00:00:00
11178,194,5,2024-02-19 01:00:00
11179,919,1,2024-02-19 02:00:00
11180,407,3,2024-02-19 03:00:00
11181,654,5,2024-02-19 04:00:00
11182,977,3,2024-02-19 05:00:00
11183,527,5,2024-02-19 06:00:00
11184,396,4,2024-02-19 07:00:00
11185,893,3,2024-02-19 08:00:00
11186,645,5,2024-02-19 09:00:00
11187,1048,3,2024-02-19 10:00:00
11188,705,1,2024-02-19 11:00:00
11189,422,4,2024-02-19 12:00:00
11190,215,4,2024-02-19 13:00:00
11191,711,1,2024-02-19 14:00:00
11192,641,4,2024-02-19 15:00:00
11193,203,2,2024-02-19 16:00:00
11194,108,5,2024-02-19 17:00:00
11195,273,4,2024-02-19 18:00:00
11196,229,1,2024-02-19 19:00:00
11197,273,2,2024-02-19 20:00:00
11198,918,3,2024-02-19 21:00:00
11199,584,1,2024-02-19 22:00:00
11200,689,4,2024-02-19 23:00:00
11201,8888,2,2024-02-20 00:00:00
11202,911,4,2024-02-20 01:00:00
11203,350,5,2024-02-20 02:00:00
11204,506,2,2024-02-20 03:00:00
11205,667,1,2024-02-20 04:00:00
11206,7777,5,2024-02-20 05:00:00
11207,1081,4,2024-02-20 06:00:00
11208,874,5,2024-02-20 07:00:00
11209,828,4,2024-02-20 08:00:00
11210,907,1,2024-02-20 09:00:00
11211,894,5,2024-02-20 10:00:00
11212,907,3,2024-02-20 11:00:00
11213,791,3,2024-02-20 12:00:00
11214,199,3,2024-02-20 13:00:00
11215,731,3,2024-02-20 14:00:00
11216,624,3,2024-02-20 15:00:00
11217,862,2,2024-02-20 16:00:00
11218,694,4,2024-02-20 17:00:00
11219,405,4,2024-02-20 18:00:00
11220,392,4,2024-02-20 19:00:00
11221,839,5,2024-02-20 20:00:00
11222,156,2,2024-02-20 21:00:00
11223,375,2,2024-02-20 22:00:00
11224,9999,5,2024-02-20 23:00:00
11225,460,4,2024-02-21 00:00:00
11226,477,5,2024-02-21 01:00:00
11227,885,4,2024-02-21 02:00:00
11228,313,3,2024-02-21 03:00:00
11229,1071,5,2024-02-21 04:00:00
11230,337,2,2024-02-21 05:00:00
11231,670,1,2024-02-21 06:00:00
11232,397,2,2024-02-21 07:00:00
11233,102,2,2024-02-21 08:00:00
11234,252,4,2024-02-21 09:00:00
11235,231,2,2024-02-21 10:00:00
11236,456,1,2024-02-21 11:00:00
11237,884,1,2024-02-21 12:00:00
11238,1030,5,2024-02-21 13:00:00
11239,399,1,2024-02-21 14:00:00
11240,848,2,2024-02-21 15:00:00
11241,1073,1,2024-02-21 16:00:00
11242,113,5,2024-02-21 17:00:00
11243,386,2,2024-02-21 18:00:00
11244,718,3,2024-02-21 19:00:00
11245,272,1,2024-02-21 20:00:00
11246,7777,4,2024-02-21 21:00:00
11247,544,5,2024-02-21 22:00:00
11248,118,4,2024-02-21 23:00:00
11249,719,5,2024-02-22 00:00:00
11250,992,3,2024-02-22 01:00:00
11251,466,5,2024-02-22 02:00:00
11252,793,3,2024-02-22 03:00:00
11253,804,3,2024-02-22 04:00:00
11254,186,4,2024-02-22 05:00:00
11255,9999,3,2024-02-22 06:00:00
11256,159,2,2024-02-22 07:00:00
11257,768,4,2024-02-22 08:00:00
11258,384,2,2024-02-22 09:00:00
11259,475,5,2024-02-22 10:00:00
11260,250,3,2024-02-22 11:00:00
11261,838,5,2024-02-22 12:00:00
11262,320,3,2024-02-22 13:00:00
11263,1045,4,2024-02-22 14:00:00
11264,630,2,2024-02-22 15:00:00
11265,701,1,2024-02-22 16:00:00
11266,456,1,2024-02-22 17:00:00
11267,282,2,2024-02-22 18:00:00
11268,968,4,2024-02-22 19:00:00
11269,126,3,2024-02-22 20:00:00
11270,8888,3,2024-02-22 21:00:00
11271,575,2,2024-02-22 22:00:00
11272,835,2,2024-02-22 23:00:00
11273,939,3,2024-02-23 00:00:00
11274,342,5,2024-02-23 01:00:00
11275,465,1,2024-02-23 02:00:00
11276,378,2,2024-02-23 03:00:00
11277,390,5,2024-02-23 04:00:00
11278,1080,3,2024-02-23 05:00:00
11279,176,5,2024-02-23 06:00:00
11280,984,1,2024-02-23 07:00:00
11281,1099,5,2024-02-23 08:00:00
11282,297,3,2024-02-23 09:00:00
11283,776,5,2024-02-23 10:00:00
11284,611,5,2024-02-23 11:00:00
11285,710,5,2024-02-23 12:00:00
11286,516,5,2024-02-23 13:00:00
11287,917,4,2024-02-23 14:00:00
11288,7777,3,2024-02-23 15:00:00
11289,850,1,2024-02-23 16:00:00
11290,210,5,2024-02-23 17:00:00
11291,643,4,2024-02-23 18:00:00
11292,806,2,2024-02-23 19:00:00
11293,7777,4,2024-02-23 20:00:00
11294,1088,1,2024-02-23 21:00:00
11295,800,5,2024-02-23 22:00:00
11296,7777,2,2024-02-23 23:00:00
11297,499,3,2024-02-24 00:00:00
11298,725,1,2024-02-24 01:00:00
11299,727,2,2024-02-24 02:00:00
11300,314,5,2024-02-24 03:00:00
11301,987,5,2024-02-24 04:00:00
11302,531,4,2024-02-24 05:00:00
11303,864,1,2024-02-24 06:00:00
11304,253,2,2024-02-24 07:00:00
11305,731,5,2024-02-24 08:00:00
11306,642,5,2024-02-24 09:00:00
11307,554,3,2024-02-24 10:00:00
11308,379,1,2024-02-24 11:00:00
11309,488,3,2024-02-24 12:00:00
11310,1014,3,2024-02-24 13:00:00
11311,468,5,2024-02-24 14:00:00
11312,563,5,2024-02-24 15:00:00
11313,963,3,2024-02-24 16:00:00
11314,300,2,2024-02-24 17:00:00
11315,671,5,2024-02-24 18:00:00
11316,320,4,2024-02-24 19:00:00
11317,315,5,2024-02-24 20:00:00
11318,494,1,2024-02-24 21:00:00
11319,9999,2,2024-02-24 22:00:00
11320,7777,3,2024-02-24 23:00:00
11321,296,2,2024-02-25 00:00:00
11322,7777,5,2024-02-25 01:00:00
11323,207,3,2024-02-25 02:00:00
11324,8888,4,2024-02-25 03:00:00
11325,240,2,2024-02-25 04:00:00
11326,925,3,2024-02-25 05:00:00
11327,547,2,2024-02-25 06:00:00
11328,1029,4,2024-02-25 07:00:00
11329,634,2,2024-02-25 08:00:00
11330,373,1,2024-02-25 09:00:00
11331,1092,1,2024-02-25 10:00:00
11332,969,5,2024-02-25 11:00:00
11333,199,5,2024-02-25 12:00:00
11334,239,3,2024-02-25 13:00:00
11335,874,3,2024-02-25 14:00:00
11336,671,5,2024-02-25 15:00:00
11337,735,4,2024-02-25 16:00:00
11338,216,1,2024-02-25 17:00:00
11339,677,1,2024-02-25 18:00:00
11340,376,1,2024-02-25 19:00:00
11341,439,2,2024-02-25 20:00:00
11342,849,3,2024-02-25 21:00:00
11343,709,3,2024-02-25 22:00:00
11344,304,4,2024-02-25 23:00:00
11345,301,4,2024-02-26 00:00:00
11346,421,3,2024-02-26 01:00:00
11347,682,4,2024-02-26 02:00:00
11348,977,1,2024-02-26 03:00:00
11349,624,3,2024-02-26 04:00:00
11350,757,2,2024-02-26 05:00:00
11351,556,5,2024-02-26 06:00:00
11352,442,1,2024-02-26 07:00:00
11353,282,2,2024-02-26 08:00:00
11354,917,4,2024-02-26 09:00:00
11355,345,4,2024-02-26 10:00:00
11356,467,5,2024-02-26 11:00:00
11357,951,5,2024-02-26 12:00:00
11358,316,1,2024-02-26 13:00:00
11359,279,1,2024-02-26 14:00:00
11360,657,3,2024-02-26 15:00:00
11361,668,3,2024-02-26 16:00:00
11362,1087,1,2024-02-26 17:00:00
11363,436,1,2024-02-26 18:00:00
11364,560,1,2024-02-26 19:00:00
11365,599,1,2024-02-26 20:00:00
11366,9999,5,2024-02-26 21:00:00
11367,708,5,2024-02-26 22:00:00
11368,265,2,2024-02-26 23:00:00
11369,817,4,2024-02-27 00:00:00
11370,287,2,2024-02-27 01:00:00
11371,964,2,2024-02-27 02:00:00
11372,409,3,2024-02-27 03:00:00
11373,982,2,2024-02-27 04:00:00
11374,355,1,2024-02-27 05:00:00
11375,626,2,2024-02-27 06:00:00
11376,646,2,2024-02-27 07:00:00
11377,989,5,2024-02-27 08:00:00
11378,662,4,2024-02-27 09:00:00
11379,720,3,2024-02-27 10:00:00
11380,1020,2,2024-02-27 11:00:00
11381,930,4,2024-02-27 12:00:00
11382,336,3,2024-02-27 13:00:00
11383,326,5,2024-02-27 14:00:00
11384,912,4,2024-02-27 15:00:00
11385,1012,4,2024-02-27 16:00:00
11386,713,4,2024-02-27 17:00:00
11387,7777,3,2024-02-27 18:00:00
11388,295,3,2024-02-27 19:00:00
11389,652,3,2024-02-27 20:00:00
11390,451,1,2024-02-27 21:00:00
11391,603,1,2024-02-27 22:00:00
11392,859,3,2024-02-27 23:00:00
11393,774,4,2024-02-28 00:00:00
11394,382,4,2024-02-28 01:00:00
11395,763,3,2024-02-28 02:00:00
11396,322,1,2024-02-28 03:00:00
11397,464,5,2024-02-28 04:00:00
11398,289,5,2024-02-28 05:00:00
11399,844,3,2024-02-28 06:00:00
11400,7777,3,2024-02-28 07:00:00
11401,909,3,2024-02-28 08:00:00
11402,1078,3,2024-02-28 09:00:00
11403,418,4,2024-02-28 10:00:00
11404,239,3,2024-02-28 11:00:00
11405,997,4,2024-02-28 12:00:00
11406,522,1,2024-02-28 13:00:00
11407,339,4,2024-02-28 14:00:00
11408,8888,4,2024-02-28 15:00:00
11409,245,4,2024-02-28 16:00:00
11410,621,2,2024-02-28 17:00:00
11411,409,1,2024-02-28 18:00:00
11412,457,3,2024-02-28 19:00:00
11413,419,4,2024-02-28 20:00:00
11414,476,1,2024-02-28 21:00:00
11415,789,4,2024-02-28 22:00:00
11416,827,3,2024-02-28 23:00:00
11417,430,3,2024-02-29 00:00:00
11418,212,1,2024-02-29 01:00:00
11419,916,4,2024-02-29 02:00:00
11420,969,3,2024-02-29 03:00:00
11421,867,1,2024-02-29 04:00:00
11422,1045,2,2024-02-29 05:00:00
11423,676,1,2024-02-29 06:00:00
11424,425,5,2024-02-29 07:00:00
11425,597,1,2024-02-29 08:00:00
11426,620,2,2024-02-29 09:00:00
11427,876,5,2024-02-29 10:00:00
11428,193,2,2024-02-29 11:00:00
11429,192,2,2024-02-29 12:00:00
11430,294,4,2024-02-29 13:00:00
11431,868,1,2024-02-29 14:00:00
11432,750,5,2024-02-29 15:00:00
11433,766,1,2024-02-29 16:00:00
11434,435,5,2024-02-29 17:00:00
11435,813,2,2024-02-29 18:00:00
11436,753,4,2024-02-29 19:00:00
11437,194,5,2024-02-29 20:00:00
11438,595,3,2024-02-29 21:00:00
11439,615,1,2024-02-29 22:00:00
11440,564,2,2024-02-29 23:00:00
11441,944,2,2024-03-01 00:00:00
11442,486,4,2024-03-01 01:00:00
11443,355,2,2024-03-01 02:00:00
11444,679,4,2024-03-01 03:00:00
11445,659,4,2024-03-01 04:00:00
11446,698,1,2024-03-01 05:00:00
11447,349,1,2024-03-01 06:00:00
11448,412,5,2024-03-01 07:00:00
11449,424,5,2024-03-01 08:00:00
11450,420,2,2024-03-01 09:00:00
11451,400,2,2024-03-01 10:00:00
11452,746,2,2024-03-01 11:00:00
11453,788,1,2024-03-01 12:00:00
11454,749,1,2024-03-01 13:00:00
11455,755,5,2024-03-01 14:00:00
11456,277,2,2024-03-01 15:00:00
11457,104,4,2024-03-01 16:00:00
11458,299,4,2024-03-01 17:00:00
11459,719,1,2024-03-01 18:00:00
11460,339,4,2024-03-01 19:00:00
11461,419,1,2024-03-01 20:00:00
11462,547,3,2024-03-01 21:00:00
11463,563,3,2024-03-01 22:00:00
11464,181,5,2024-03-01 23:00:00
11465,1023,4,2024-03-02 00:00:00
11466,1048,2,2024-03-02 01:00:00
11467,9999,2,2024-03-02 02:00:00
11468,1032,3,2024-03-02 03:00:00
11469,468,5,2024-03-02 04:00:00
11470,397,2,2024-03-02 05:00:00
11471,1009,5,2024-03-02 06:00:00
11472,583,4,2024-03-02 07:00:00
11473,1076,3,2024-03-02 08:00:00
11474,894,2,2024-03-02 09:00:00
11475,594,3,2024-03-02 10:00:00
11476,736,5,2024-03-02 11:00:00
11477,489,1,2024-03-02 12:00:00
11478,190,4,2024-03-02 13:00:00
11479,447,4,2024-03-02 14:00:00
11480,8888,4,2024-03-02 15:00:00
11481,405,4,2024-03-02 16:00:00
11482,237,2,2024-03-02 17:00:00
11483,823,5,2024-03-02 18:00:00
11484,8888,1,2024-03-02 19:00:00
11485,988,5,2024-03-02 20:00:00
11486,1023,3,2024-03-02 21:00:00
11487,805,4,2024-03-02 22:00:00
11488,7777,3,2024-03-02 23:00:00
11489,1004,4,2024-03-03 00:00:00
11490,281,2,2024-03-03 01:00:00
11491,1000,1,2024-03-03 02:00:00
11492,182,3,2024-03-03 03:00:00
11493,260,3,2024-03-03 04:00:00
11494,7777,2,2024-03-03 05:00:00
11495,873,2,2024-03-03 06:00:00
11496,968,2,2024-03-03 07:00:00
11497,906,5,2024-03-03 08:00:00
11498,211,4,2024-03-03 09:00:00
11499,1096,3,2024-03-03 10:00:00
11500,233,1,2024-03-03 11:00:00
